title,total_revenue
Star Wars: Episode VII - The Force Awakens,935644139
Avengers: Endgame,858373000
Spider-Man: No Way Home,804059711
Avatar,749766139
Top Gun: Maverick,716981130
Black Panther,700059566
Avengers: Infinity War,678815482
Avatar: The Way of Water,670104560
Jurassic World,652197981
Star Wars: Episode VIII - The Last Jedi,620181382
The Avengers,619257177
Incredibles 2,608581744
The Lion King,543638043
The Dark Knight,533345358
Rogue One: A Star Wars Story,532177324
Star Wars: Episode IX - The Rise of Skywalker,515202542
Beauty and the Beast,504014165
Finding Dory,486295561
Frozen II,477373578
Avengers: Age of Ultron,455530367
Black Panther: Wakanda Forever,452929653
The Dark Knight Rises,448139099
Shrek 2,436721703
Toy Story 4,434038008
Captain Marvel,426829839
The Hunger Games: Catching Fire,424668047
Pirates of the Caribbean: Dead Man's Chest,419867749
Jurassic World: Fallen Kingdom,416769345
Wonder Woman,412563408
Toy Story 3,410171027
Doctor Strange in the Multiverse of Madness,409762280
Captain America: Civil War,408084349
The Hunger Games,408010692
Iron Man 3,406609688
Jumanji: Welcome to the Jungle,404515480
Transformers: Revenge of the Fallen,402111870
Spider-Man,401487933
Frozen,400474112
Spider-Man: Far from Home,390532085
Guardians of the Galaxy Vol. 2,389813101
Harry Potter and the Deathly Hallows: Part 2,381011219
Star Wars: Episode III - Revenge of the Sith,380270577
The Lord of the Rings: The Return of the King,377027325
Spider-Man 2,372805035
The Passion of the Christ,369895386
The Batman,369738816
Minions: The Rise of Gru,369308085
The Secret Life of Pets,368384330
Despicable Me 2,368065385
The Jungle Book,364001123
Deadpool,363042311
Aladdin,355559216
Inside Out,353612437
Transformers: Dark of the Moon,352390543
Furious 7,351032910
American Sniper,350126444
Thor: Love and Thunder,343116863
Zootopia,341268248
The Lord of the Rings: The Two Towers,339785181
The Hunger Games: Mockingjay - Part 1,337135885
Spider-Man 3,336104636
Minions,336045770
Joker,335620492
Finding Nemo,335298792
Aquaman,335061807
Spider-Man: Homecoming,334201140
Alice in Wonderland,332430200
Batman v Superman: Dawn of Justice,330360194
Guardians of the Galaxy,328095589
It,327481748
Suicide Squad,325100054
Shrek the Third,321012359
Transformers,319071806
Iron Man,318505224
Deadpool 2,318482400
Indiana Jones and the Kingdom of the Crystal Skull,317023851
Jumanji: The Next Level,316831246
Thor: Ragnarok,315058289
The Lord of the Rings: The Fellowship of the Ring,313364113
Iron Man 2,312128345
Harry Potter and the Sorcerer's Stone,310393154
Pirates of the Caribbean: At World's End,306483088
Skyfall,303472168
The Hobbit: An Unexpected Journey,303003568
Pirates of the Caribbean: The Curse of the Black Pearl,302590475
Star Wars: Episode II - Attack of the Clones,302191306
Harry Potter and the Half-Blood Prince,301959197
The Twilight Saga: Eclipse,300531751
The Twilight Saga: New Moon,296623634
Harry Potter and the Deathly Hallows: Part 1,295001070
Inception,292576195
The Twilight Saga: Breaking Dawn - Part 2,292324737
Harry Potter and the Order of the Phoenix,292004738
Man of Steel,291045518
Harry Potter and the Goblet of Fire,290013036
"The Chronicles of Narnia: The Lion, the Witch and the Wardrobe",287482269
Up,287002967
The Hunger Games: Mockingjay - Part 2,281723902
The Matrix Reloaded,281519061
The Twilight Saga: Breaking Dawn - Part 1,281287133
Meet the Fockers,279200300
The Hangover,277322503
Gravity,274092705
Dr. Seuss' the Grinch,270620950
Sing,270329045
Shrek,267665011
Despicable Me 3,264624300
Monsters University,263763344
Harry Potter and the Chamber of Secrets,261753713
The Amazing Spider-Man,261569291
How the Grinch Stole Christmas,260044825
The Hobbit: The Desolation of Smaug,258366855
The Lego Movie,257760692
Star Trek,257730019
The Incredibles,256887647
I Am Legend,256393010
The Blind Side,255951749
Captain America: The Winter Soldier,255447104
The Hobbit: The Battle of the Five Armies,255119788
The Hangover Part II,254464305
Despicable Me,251513985
Night at the Museum,250860439
"Monsters, Inc.",250822376
Harry Potter and the Prisoner of Azkaban,249367187
Moana,248757044
Transformers: Age of Extinction,245438974
Bruce Almighty,242601579
Cars,242140418
Fast & Furious 6,238679850
Shrek Forever After,238395990
Pirates of the Caribbean: On Stranger Tides,237710309
Maleficent,236412469
X-Men: The Last Stand,234337076
War of the Worlds,234271354
Fantastic Beasts and Where to Find Them,234037575
X-Men: Days of Future Past,233904517
Brave,233558247
Doctor Strange,232641920
Oz the Great and Powerful,232613195
Justice League,229024295
Star Trek Into Darkness,228778661
The Martian,228395947
Hancock,227860802
The Bourne Ultimatum,227471070
Logan,226258569
The Fate of the Furious,225764765
Signs,225484260
Shang-Chi and the Legend of the Ten Rings,222935447
Mission: Impossible - Fallout,220159104
WALL·E,219555323
Alvin and the Chipmunks: The Squeakquel,219553378
Ted,218665740
King Kong,218080025
Halloween,217611166
Big Hero 6,217599438
How to Train Your Dragon,217581231
Alvin and the Chipmunks,217313244
The Da Vinci Code,216824762
Ant-Man and the Wasp,216648740
Madagascar 3: Europe's Most Wanted,216391482
Bohemian Rhapsody,216303339
National Treasure: Book of Secrets,216001145
Kung Fu Panda,215434591
X2: X-Men United,214946070
Venom,214035506
The Lorax,214030500
A Star Is Born,213938866
Solo: A Star Wars Story,213767512
Mission: Impossible II,212031395
It Chapter Two,211593228
Fantastic Four,210697848
300,210614939
Coco,210067015
Fast Five,209837675
Austin Powers in Goldmember,209684944
Mission: Impossible - Ghost Protocol,209397903
Sherlock Holmes,209028679
Dawn of the Planet of the Apes,208491141
Charlie and the Chocolate Factory,206459076
Venom: Let There Be Carnage,205864456
Wedding Crashers,205538618
Batman Begins,205343774
Bad Boys for Life,204417855
Thor: The Dark World,204041762
World War Z,202359711
The Mummy Returns,202019785
The Amazing Spider-Man 2,201911219
Ratatouille,201423520
Ralph Breaks the Internet,201091711
Godzilla,200676069
Superman Returns,200081192
Spectre,200074609
Jurassic World: Dominion,199037215
Monsters vs. Aliens,198351526
Happy Feet,198000317
Cinderella,197584850
Ice Age: Dawn of the Dinosaurs,196472300
Ice Age: The Meltdown,195306682
Mission: Impossible - Rogue Nation,195042377
Tangled,193720651
Madagascar,193202933
Twilight,192769853
My Big Fat Greek Wedding,191923473
22 Jump Street,191293726
Teenage Mutant Ninja Turtles,191204754
Sonic the Hedgehog 2,190916413
Men in Black II,190418803
Spider-Man: Into the Spider-Verse,190241310
Cars 2,188573541
Dunkirk,188045546
Pearl Harbor,188043307
A Quiet Place,188024361
Interstellar,188020017
Gladiator,187705427
Ant-Man and the Wasp: Quantumania,187433193
The Croods,187168425
Sherlock Holmes: A Game of Shadows,186848418
Wreck-It Ralph,186816706
The Day After Tomorrow,186716750
Mr. & Mrs. Smith,186283815
Pitch Perfect 2,183785415
The Revenant,183609490
Black Widow,183489311
The Simpsons Movie,183109321
Lincoln,181591780
Ocean's Eleven,181458443
Jurassic Park III,181171875
Thor,181030624
Madagascar: Escape 2 Africa,180010950
X-Men Origins: Wolverine,179869145
Ant-Man,178353078
Men in Black 3,177747606
Hitch,177461144
Home,177352879
Night at the Museum: Battle of the Smithsonian,177211996
How to Train Your Dragon 2,176983845
Captain America: The First Avenger,176654505
Jurassic World Dominion,176552610
Puss in Boots: The Last Wish,176421270
Ice Age,176387405
The Bourne Supremacy,176087450
Get Out,175837935
The Lego Batman Movie,175750384
Rise of the Planet of the Apes,175691683
The Karate Kid,175566947
Us,175005930
The Boss Baby,174967430
The Perfect Storm,174290703
Crazy Rich Asians,174052657
The Greatest Showman,174045042
Fast & Furious Presents: Hobbs & Shaw,173810100
F9: The Fast Saga,173037025
Pirates of the Caribbean: Dead Men Tell No Tales,172558876
Mary Poppins Returns,171958438
Elf,171759000
True Grit,171050328
John Wick: Chapter 3 - Parabellum,171015687
A Beautiful Mind,170742341
Rush Hour 2,170629995
TRON: Legacy,170106686
Hotel Transylvania 2,169498870
Hidden Figures,169323813
Bridesmaids,169106725
National Treasure,168521875
Quantum of Solace,168156392
Kong: Skull Island,168052812
Black Adam,168043265
Gone Girl,167762331
Hotel Transylvania 3: Summer Vacation,167510016
Chicago,167408975
The Help,167094661
Casino Royale,166758648
Meet the Parents,166244045
Fifty Shades of Grey,166167230
2012,165609787
Knives Out,165363234
Kung Fu Panda 2,165249063
Eternals,164698811
Catch Me If You Can,164545504
Clash of the Titans,163214888
The SpongeBob Movie: Sponge Out of Water,162994032
What Women Want,162969240
Planet of the Apes,162881729
Django Unchained,162805434
The Polar Express,162775358
The Pursuit of Happyness,162586036
Jason Bourne,162192920
Grown Ups,161438581
Ice Age: Continental Drift,161321843
Straight Outta Compton,161058685
Shark Tale,160861908
Wild Hogs,160688727
Die Another Day,160353661
The Heat,159582188
Fantastic Beasts: The Crimes of Grindelwald,159555901
Sing 2,159533500
1917,159227644
Star Trek Beyond,158848340
The Proposal,158545691
How to Train Your Dragon: The Hidden World,158299505
The Longest Yard,158119500
No Time to Die,158060806
The Secret Life of Pets 2,157332265
X-Men,156928847
A Quiet Place Part II,156850952
What Lies Beneath,155464351
San Andreas,155190832
X-Men: Apocalypse,155149510
Snow White and the Huntsman,155136755
Fast & Furious,155064265
Over the Hedge,155019340
Horton Hears a Who!,154466039
Trolls,153684900
Mad Max: Fury Road,153636344
Cars 3,152901115
Sex and the City,152647258
La La Land,151101803
Divergent,150947895
Elvis,150943593
We're the Millers,150394119
Terminator 3: Rise of the Machines,150368296
Daddy's Home,150357137
Scooby-Doo,150295456
G.I. Joe: The Rise of Cobra,150201498
American Hustle,150117807
Neighbors,150086800
Puss in Boots,149260504
Les Misérables,149139951
Knocked Up,148761765
Little Fockers,148438600
Megamind,148415853
Gran Torino,148095302
Talladega Nights: The Ballad of Ricky Bobby,148000020
Uncharted,147747500
Hotel Transylvania,147613984
Scary Movie,146886910
War for the Planet of the Apes,146843711
X-Men: First Class,146372861
Sonic the Hedgehog,146066470
Paul Blart: Mall Cop,145516790
American Pie 2,145103595
Taken,144966929
The Great Gatsby,144840419
"I, Robot",144763065
The Fast and the Furious,144533925
Pokémon Detective Pikachu,144105346
Mamma Mia!,143762955
Rio,143619809
Kung Fu Panda 3,143517851
Juno,143454918
Marley & Me,143146360
The Meg,143005856
Once Upon a Time... In Hollywood,142502728
Lilo & Stitch,141358594
Slumdog Millionaire,141313054
The Smurfs,141300692
xXx,141134203
Charlie's Angels,141018067
Taken 2,139854287
Ocean's 8,139377762
The Matrix Revolutions,139270910
The Chronicles of Narnia: Prince Caspian,139077570
Rush Hour 3,138656000
Cheaper by the Dozen,138608443
The Santa Clause 2,138394397
Bad Boys II,138185866
Split,138141585
A Christmas Carol,137562562
The Conjuring,137400141
21 Jump Street,137334652
Shazam!,137046656
Ready Player One,137018455
Click,136809023
Robin Hood,136094358
Argo,136024128
The King's Speech,135453143
The Incredible Hulk,134533885
Identity Thief,134506920
Live Free or Die Hard,134501500
Wanted,134327125
Ride Along,134202565
Anger Management,133603814
Mission: Impossible III,133501348
Troy,133259341
Alvin and the Chipmunks: Chipwrecked,133110742
Grown Ups 2,133006483
The Wolverine,132556852
Angels & Demons,132553144
Chicken Little,132519980
Wonder,132422809
The Departed,132384315
Hulk,132135870
Silver Linings Playbook,132092958
Minority Report,132064714
Fantastic 4: Rise of the Silver Surfer,131892723
The Last Airbender,131601062
Rio 2,131492458
The Grudge,131287516
Get Smart,130319208
The Divergent Series: Insurgent,130179071
Transformers: The Last Knight,130168683
American Gangster,130164645
The Peanuts Movie,130081684
Ghostbusters: Afterlife,128930996
Bringing Down the House,128828301
The Ring,128637115
Borat: Cultural Learnings of America for Make Benefit Glorious Nation of Kazakhstan,128504698
Ghostbusters,128350574
Kingsman: The Secret Service,128219589
Robots,128200012
Shutter Island,128012934
The Curious Case of Benjamin Button,127509326
Central Intelligence,127440871
Bumblebee,127195589
2 Fast 2 Furious,127094445
Super 8,127004179
Into the Woods,126735659
The Legend of Tarzan,126643061
Bee Movie,126631277
Lucy,126573960
Prometheus,126477084
Safe House,126181630
Mr. Deeds,125815227
Erin Brockovich,125592105
Ocean's Twelve,125544280
Terminator Salvation,125322469
Enchanted,125265432
Anchorman 2: The Legend Continues,125168368
Lone Survivor,125095601
Sully,125070033
Life of Pi,124987023
The Fault in Our Stars,124836965
The Vow,124774925
The Devil Wears Prada,124724787
Cloudy with a Chance of Meatballs,124549997
Something's Gotta Give,124215138
"Crouching Tiger, Hidden Dragon",124167350
Sweet Home Alabama,123781385
Nope,123338195
Nutty Professor II: The Klumps,123309890
Rango,123257581
G.I. Joe: Retaliation,122523060
The Bourne Identity,121481940
Superbad,121310807
Free Guy,121063061
Mamma Mia! Here We Go Again,120634935
Inglourious Basterds,120540719
50 First Dates,120179176
Seabiscuit,120170960
Four Christmases,120146040
Van Helsing,120073130
I Now Pronounce You Chuck & Larry,119725280
Cloudy With a Chance of Meatballs 2,119706224
Walk the Line,119514920
The Other Guys,118841185
The Break-Up,118703275
A Series of Unfortunate Events,118634549
The Good Dinosaur,118292054
Blades of Glory,118245842
Hairspray,118094000
Lightyear,118078927
Now You See Me,117723989
Salt,117656418
Ford v Ferrari,117624357
Horrible Bosses,117538559
The Nun,117480364
Big Momma's House,117430676
Jackass 3D,117229692
Ocean's Thirteen,117154724
The Wolf of Wall Street,116900694
G-Force,116892452
8 Mile,116732820
Lee Daniels' The Butler,116635095
Green Lantern,116601172
S.W.A.T.,116325263
Jungle Cruise,116136749
The Sum of All Fears,116010488
Creed II,115715889
Unbroken,115637895
Ghost Rider,115583387
District 9,115350033
Peter Rabbit,115253424
Girls Trip,115108515
Dumbo,114766307
Fifty Shades Darker,114434010
Fahrenheit 9/11,114317404
Dodgeball,114291297
Maleficent: Mistress of Evil,113929605
Magic Mike,113721571
Night at the Museum: Secret of the Tomb,113609370
Bad Moms,113257297
The Bourne Legacy,113203870
It's Complicated,112735375
The Village,112347167
The Hangover Part III,112200072
Bolt,112064873
Mr. Peabody & Sherman,111453785
The Last Samurai,111127263
Glass,111035005
Spy,110769608
Cast Away,110526165
Godzilla: King of the Monsters,110500138
Valentine's Day,110485654
Tropic Thunder,110461307
Fun with Dick and Jane,110289777
Spy Kids 3-D: Game Over,110186706
Trainwreck,110038130
Creed,109767581
Little Women,109480711
The Pacifier,109448316
The 40-Year-Old Virgin,109289008
Couples Retreat,109204945
Bedtime Stories,108816024
The Patriot,108589804
Scary Movie 3,108498163
Black Hawk Down,108264894
The Upside,108252517
Hop,108085305
Paranormal Activity,107918810
Freaky Friday,107909659
Baby Driver,107825862
Epic,107518682
Watchmen,107509799
The Angry Birds Movie,107509366
Captain Phillips,107009690
Black Swan,106950757
300: Rise of an Empire,106580051
The Italian Job,106114092
How to Lose a Guy in 10 Days,105811484
Smile,105792752
Remember the Titans,105664416
The Lost City,105313620
The LEGO Movie 2: The Second Part,105206508
Hustlers,104963598
Pitch Perfect 3,104897530
American Wedding,104392315
The Chronicles of Narnia: The Voyage of the Dawn Treader,104367133
Road to Perdition,104117482
Daddy's Home 2,104029443
Paranormal Activity 3,104028807
Journey 2: The Mysterious Island,103860290
The Mule,103804407
Rise of the Guardians,103412758
Dreamgirls,103365956
Independence Day: Resurgence,103120535
Bullet Train,103071589
The Expendables,103068524
Just Go with It,102952667
Murder on the Orient Express,102800191
Daddy Day Care,102680631
Daredevil,102526329
The Conjuring 2,102470008
The Maze Runner,102395506
The Mummy: Tomb of the Dragon Emperor,102277510
Noah,102235647
Annabelle: Creation,102092201
The Equalizer 2,102084362
Jackass Presents: Bad Grandpa,102003019
The Girl with the Dragon Tattoo,101935009
Pacific Rim,101802906
Journey to the Center of the Earth,101704370
Eagle Eye,101440743
This Is the End,100914724
The Aviator,100904686
The Equalizer,100892978
Charlie's Angels: Full Throttle,100621865
Arrival,100546139
Due Date,100539043
The Cat in the Hat,100483350
A Wrinkle in Time,100478608
Step Brothers,100468793
Million Dollar Baby,100434592
Fifty Shades Freed,100407760
Passengers,100307136
Evan Almighty,100289690
Gone in 60 Seconds,100273140
Yogi Bear,100246011
Cowboys & Aliens,100240551
Edge of Tomorrow,100206256
Kingsman: The Golden Circle,100201613
Collateral,100170152
Bad Teacher,99977256
Rampage,99345950
Christopher Robin,99215042
You Don't Mess with the Zohan,99204760
Olympus Has Fallen,98925640
Date Night,98669097
The Green Hornet,98482107
The Princess and the Frog,97955233
Yes Man,97690976
Sausage Party,97685686
The Addams Family,97185807
Public Enemies,97104620
Gnomeo & Juliet,97099972
The Bad Guys,97058425
The Social Network,96962694
Miss Congeniality,96961123
Downton Abbey,96854135
Rocketman,96368160
Panic Room,95923030
Fantastic Beasts: The Secrets of Dumbledore,95834383
Encanto,95827834
Zero Dark Thirty,95660114
Meet the Robinsons,95511981
Norbit,95360247
Sex and the City 2,95347692
42,95020213
M3GAN,94841885
The Book of Eli,94835059
"10,000 BC",94784201
Cold Mountain,94684764
Vanilla Sky,94322619
He's Just Not That Into You,93953653
Master and Commander: The Far Side of the World,93921256
Flight,93772375
DC League of Super-Pets,93637530
The Fighter,93617009
Maid in Manhattan,93603209
Julie & Julia,93570303
The Princess Diaries 2: Royal Engagement,93495479
The Bucket List,93466502
The Magnificent Seven,93432655
Two Weeks Notice,93351468
Dune,93240452
The Lion King2011 3D Release,93223606
Red Dragon,92955420
Elysium,92751727
The Town,92186262
Blade Runner 2049,92054159
John Wick: Chapter 2,92029184
Non-Stop,91742160
Beverly Hills Chihuahua,91385917
Tomorrowland,91304790
Think Like a Man,91181465
The Imitation Game,91125683
Heaven Is for Real,90994147
Ride Along 2,90862685
Scary Movie 4,90710620
Madea Goes to Jail,90508336
The Scorpion King,90450350
Get Hard,90411483
RED,90380162
Mystic River,90135191
Where the Crawdads Sing,90015996
The Black Phone,89850680
Legally Blonde 2,89819137
Terminator Genisys,89760955
Halloween Kills,89312145
Don't Breathe,89217875
Taken 3,89179052
Oblivion,89107235
High School Musical 3,89023517
The Ugly Truth,88766496
Percy Jackson & the Olympians: The Lightning Thief,88731293
Failure to Launch,88715192
Prince of Persia: The Sands of Time,88656132
Inside Man,88513495
The Game Plan,88378750
Starsky & Hutch,88219291
Planes,88210381
Flightplan,88209599
Along Came Polly,87887505
Unbreakable,87649441
Pineapple Express,87341380
Miss Peregrine's Home for Peculiar Children,87233361
The Lone Ranger,87054312
Sisters,87044645
Saw II,87039965
The Campaign,86907746
The Muppets,86774961
"Me, Myself & Irene",86533592
The Accountant,86260045
Dumb and Dumber To,86208010
The Emoji Movie,86089513
Mean Girls,86050784
Alita: Battle Angel,85838210
Alvin and the Chipmunks: The Road Chip,85833731
Annie,85807908
Cruella,85759984
Fury,85683740
The SpongeBob SquarePants Movie,85417988
Power Rangers,85364450
Green Book,85080171
The Expendables 2,85028192
Paranormal Activity 2,84752907
Tammy,84525432
"Crazy, Stupid, Love",84351197
Ferdinand,84298791
Annabelle,84273813
Anchorman: The Legend of Ron Burgundy,84271247
Open Season,84198888
Scooby-Doo 2: Monsters Unleashed,84198209
Birds of Prey: And the Fantabulous Emancipation of One Harley Quinn,84158461
The Other Woman,83882172
The Santa Clause 3: The Escape Clause,83875062
Up in the Air,83823381
Wrath of the Titans,83670083
Insidious: Chapter 2,83586447
Immortals,83504017
Brother Bear,83482856
I Can Only Imagine,83482352
Battle Los Angeles,83339879
Penguins of Madagascar,83301343
Smallfoot,83240103
Good Boys,83083070
Valkyrie,83077833
Turbo,83028127
Brokeback Mountain,82750610
Real Steel,82717854
Charlotte's Web,82599768
Cheaper by the Dozen 2,82540432
Scream 3,82512554
Let's Be Cops,82386141
Beowulf,82195215
The Pink Panther,82179952
Teenage Mutant Ninja Turtles: Out of the Shadows,82051601
Are We There Yet?,81782208
The Post,81737012
Maze Runner: The Scorch Trials,81670090
Unstoppable,81537988
Scream,81515526
Saving Mr. Banks,81454218
Freddy vs. Jason,81352892
Ted 2,81284830
School of Rock,81260551
21,81159365
Hellboy,80901337
Bridge to Terabithia,80564107
Eat Pray Love,80346638
The Dukes of Hazzard,80270227
What Happens in Vegas,80266543
Alien vs. Predator,80265199
Saw III,80238724
Nacho Libre,80197993
Jumper,80150379
Disturbia,80106701
The Mummy,80101125
Jack Reacher,80070736
Cloverfield,80048433
Men in Black: International,80001807
Knowing,79957634
Goosebumps,79926782
Zookeeper,79775182
Dear John,79745171
Dark Shadows,79727149
Eight Below,79546110
Monster-in-Law,79541939
The Day the Earth Stood Still,79308794
The Descendants,79259065
Limitless,79249455
War Horse,79120998
The Purge: Election Year,79042440
Space Cowboys,79012713
Snow Dogs,78881914
America's Sweethearts,78822400
The Texas Chainsaw Massacre,78568000
Blade II,78467000
Jimmy Neutron: Boy Genius,78251264
Pixels,78202755
Spy Kids 2: Island of Lost Dreams,78175394
Tower Heist,78046570
Man on Fire,77871663
The Monuments Men,77649394
March of the Penguins,77437223
Night School,77339130
Parental Guidance,77267296
Where the Wild Things Are,77233467
The A-Team,77196316
Hannah Montana: The Movie,77127521
U-571,77122415
The Terminal,77073959
Dolittle,77047065
Alice Through the Looking Glass,77041381
27 Dresses,76727525
Gangs of New York,76698614
Knight and Day2010 Re-release,76408367
Pete's Dragon,76233151
Paddington,76223578
The Ring Two,75941727
Hellboy II: The Golden Army,75791785
The Intern,75764672
Contagion,75658097
"You, Me and Dupree",75628110
We Bought a Zoo,75624550
2 Guns,75612460
Constantine,75526444
The Hitman's Bodyguard,75468583
The Family Man,75440065
Moneyball,75390492
The Girl on the Train,75347390
Ray,75331600
Coraline,75286229
The Notebook,75279548
Zombieland,75264804
Garfield,75197179
Eragon,75030163
The Exorcism of Emily Rose,74895743
Old School,74731063
Four Brothers,74494381
The Adventures of Tintin,74316831
Alien: Covenant,74249538
Annabelle Comes Home,74152591
Captain Underpants: The First Epic Movie,73883366
Hugo,73864507
Christmas with the Kranks,73701902
Jack and Jill,73683987
Godzilla vs. Kong,73381241
Law Abiding Citizen,73357727
Morbius,73305599
Yesterday,73286650
Tyler Perry's a Madea Family Funeral,73257045
The Princess Diaries,73225766
Tyler Perry's Boo! A Madea Halloween,73206343
Monster House,73176130
Zombieland: Double Tap,73123082
Hotel for Dogs,73034460
Dinner for Schmucks,73026337
Justin Bieber: Never Say Never,73013910
The Rookie,72999542
Jackass Number Two,72778712
No Country for Old Men,72765522
Hercules,72687933
Storks,72679278
Barnyard,72637803
White House Down,72605151
Sin City,72604000
The Interpreter,72554855
A.I. Artificial Intelligence,72353571
Ladder 49,72340110
Dolphin Tale,72286779
Vantage Point,72139891
A Bad Moms Christmas,72110659
The Haunted Mansion,72107129
Traffic,72092031
This Is It,72091016
10 Cloverfield Lane,72082998
Fred Claus,72006777
1408,71977957
Mama,71628180
The Purge: Anarchy,71562550
Sideways,71500193
"I Love You, Man",71440011
Safe Haven,71349120
The Spiderwick Chronicles,71195053
Spirit: Stallion of the Cimarron,70912288
Shallow Hal,70836296
No Strings Attached,70662220
Paul Blart: Mall Cop 2,70643207
The Smurfs 2,70579792
The Best Man Holiday,70525195
V for Vendetta,70511035
Barbershop,70328830
World Trade Center,70278893
Rocky Balboa,70269899
The Big Short,70259870
Fool's Gold,70231041
Big Momma's House 2,70129222
Act of Valor,70012847
Seven Pounds,69951824
RV,69870164
The First Purge,69086325
We Were Soldiers,69043000
Angel Has Fallen,69030436
White Chicks,69020874
Game Night,69001013
Scary Stories to Tell in the Dark,68947075
Bridge of Spies,68912003
John Carter,68864278
Sahara,68672425
Book Club,68566296
The House with a Clock in Its Walls,68549695
Road Trip,68540777
Percy Jackson: Sea of Monsters,68540619
The Golden Compass,68527661
Bring It On,68380000
Ticket to Paradise,68224815
Kill Bill: Vol. 1,68223118
Mr. Popper's Penguins,68198003
Obsessed,68153834
Guess Who,67890142
Skyscraper,67796355
This Is 40,67544505
Instant Family,67363237
A Good Day to Die Hard,67349198
Insidious: The Last Key,67347895
Role Models,67294270
Insomnia,67274077
The Tourist,67272092
Lights Out,67268835
Coach Carter,67259877
Hacksaw Ridge,67209615
The Woman King,67200270
Hollow Man,66969579
War Room,66847989
The Mexican,66845033
Spies in Disguise,66757013
Kangaroo Jack,66746137
Charlie Wilson's War,66661095
The Forgotten,66582461
Contraband,66528000
The Final Destination,66477700
The League of Extraordinary Gentlemen,66458414
Everything Everywhere All at Once,66403202
Looper,66391123
Warm Bodies,66380662
The Bounty Hunter,66349526
John Q,66225977
Allegiant,66184051
Big Fish,66075436
Magic Mike XXL,66013057
The Manchurian Candidate,65955630
X-Men: Dark Phoenix,65845974
Divine Secrets of the Ya-Ya Sisterhood,65819932
Lara Croft Tomb Raider: The Cradle of Life,65660196
Madea's Witness Protection,65653242
Lara Croft: Tomb Raider,65605217
Battleship,65233400
Jack the Giant Slayer,65187603
The Visit,65112020
Now You See Me 2,65075540
The Kid,65059175
Barbershop 2: Back in Business,65049742
Friday the 13th,65002019
Pitch Perfect,65001093
Exodus: Gods and Kings,64988138
Think Like a Man Too,64948947
Mirror Mirror,64935167
The Invisible Man,64914050
Step Up,64706291
Changing Lanes,64678000
Kill Bill: Vol. 2,64659725
Chronicle,64575175
The Amityville Horror,64538396
The Happening,64490034
The Purge,64473115
The Score,64397515
The Wedding Ringer,64348583
A Dog's Purpose,64321890
The Taking of Pelham 123,64301854
Hidalgo,64266271
Jackass: The Movie,64255312
The Nut Job,64251541
Stuart Little 2,64226518
17 Again,64167069
Halloween Ends,64105790
Ice Age: Collision Course,64050015
Happy Feet Two,64006466
Flushed Away,63970988
Last Vegas,63914167
Diary of a Wimpy Kid,63901573
Race to Witch Mountain,63838994
The Shape of Water,63699028
Unknown,63686397
"Alexander and the Terrible, Horrible, No Good, Very Bad Day",63577853
Mona Lisa Smile,63491332
Holes,63453042
Miami Vice,63450470
The Time Traveler's Wife,63414846
Miracle,63366835
Hannah Montana and Miley Cyrus: Best of Both Worlds Concert,63350115
A Man Called Otto,63325742
Saw IV,63300095
Hope Springs,63299296
Herbie Fully Loaded,63290949
Madea's Family Reunion,63257940
The Holiday,63224849
The Boss,63077560
A Nightmare on Elm Street,63075011
Forgetting Sarah Marshall,62932375
Creed III,62753707
Jarhead,62658220
Black Mass,62575678
London Has Fallen,62524260
The Fast and the Furious: Tokyo Drift,62514415
The Adjustment Bureau,62495645
Spy Game,62362560
The Call of the Wild,62342368
Underworld Awakening,62321039
Terminator: Dark Fate,62253077
Deja Vu,62190904
Underworld: Evolution,62189945
About Schmidt,62103774
The Wolfman,61979680
Hannibal,61796558
Ender's Game,61737191
The Last Song,61723843
Miracles from Heaven,61705123
A Beautiful Day in the Neighborhood,61692037
Cinderella Man,61649094
Onward,61555145
Dog,61543210
Deepwater Horizon,61433527
Bewitched,61422816
Friday Night Lights,61227060
Stomp the Yard,61165754
The Green Mile,61046734
Prisoners,61002302
Get Him to the Greek,60974475
Stuart Little,60948996
Sky High,60901128
God's Not Dead,60755732
Abominable,60716390
Poseidon,60674817
Candyman,60632480
Dora and the Lost City of Gold,60477943
The Lucky One,60457138
Burn After Reading,60355347
Baby Mama,60321790
Why Him?,60269575
After Earth,60180759
Why Did I Get Married Too?,60095852
Resident Evil: Afterlife,60071598
Brüno,60054530
The Family Stone,60025095
Tooth Fairy,60008773
Shanghai Knights,59936206
The Good Shepherd,59908565
Little Miss Sunshine,59889703
Blockers,59839515
My Big Fat Greek Wedding 2,59689605
Son of God,59685208
The Dictator,59650222
Gothika,59600377
The Stepford Wives,59479922
The Wedding Planner,59471197
Love Actually,59393405
The Lego Ninjago Movie,59281555
Bad Santa,59230406
The Sorcerer's Apprentice,59199160
The Grand Budapest Hotel,59188655
Pacific Rim: Uprising,59185715
Dawn of the Dead,58909645
Vacation,58884188
Behind Enemy Lines,58855732
Bride Wars,58707170
Jack Reacher: Never Go Back,58697076
Water for Elephants,58684819
Total Recall,58429785
Curious George,58360760
RoboCop,58328623
The Secret Life of Walter Mitty,58178353
Easy A,58175298
Without a Paddle,58169323
Surf's Up,58159348
Little Man,58123929
Baywatch,58060186
The Lincoln Lawyer,58009200
Scary Movie 2,57911975
Maze Runner: The Death Cure,57902320
Red Eye,57891803
Titanic2012 3D Release,57884114
The Croods: A New Age,57762845
Secretariat,57689598
Fences,57682904
The Chronicles of Riddick,57675295
The Benchwarmers,57651794
Jackass Forever,57574310
Ali,57556520
Takers,57555573
Tomb Raider,57421715
The Shack,57386418
Blood Diamond,57377916
Snow Day,57377384
The Shaggy Dog,57191022
Invincible,57148227
Open Range,57133273
The Boss Baby: Family Business,57068085
Moulin Rouge!,57050902
Escape from Planet Earth,57012977
Step Up 2: The Streets,57000901
Escape Room,56981740
Midway,56846802
American Reunion,56758835
Saw V,56746769
The Time Machine,56712457
Memoirs of a Geisha,56644382
The Butterfly Effect,56643169
12 Years a Slave,56634802
Mission to Mars,56591674
Joy,56384928
Darkest Hour,56361300
Planes: Fire & Rescue,56346629
The Perfect Guy,56279573
Me Before You,56245075
Just Married,56118707
Wallace & Gromit: The Curse of the Were-Rabbit,56110897
ParaNorman,56003051
Dracula Untold,55991880
White Noise,55894360
Be Cool,55849401
Once Upon a Time in Mexico,55762644
Free Birds,55750480
Hansel & Gretel: Witch Hunters,55703475
Happy Death Day,55683845
Legend of the Guardians: The Owls of Ga'Hoole,55675313
The Queen,55645555
13 Going on 30,55593489
Friends with Benefits,55585034
The BFG,55483770
102 Dalmatians,55405132
The Haunting in Connecticut,55389516
Neighbors 2: Sorority Rising,55340730
Ghosts of Girlfriends Past,55250026
Why Did I Get Married?,55204525
Saw,55185045
The Shallows,55124043
The Addams Family 2,54940821
The Nutcracker and the Four Realms,54858851
Office Christmas Party,54767494
This Means War,54760791
The Curse of La Llorona,54733739
Project X,54731865
Pet Sematary,54724696
Shall We Dance,54714000
Source Code,54712227
Drumline,54644959
Assassin's Creed,54634144
What Men Want,54611903
Crash,54580300
Tag,54547470
New Year's Eve,54544638
The Omen,54539463
Horrible Bosses 2,54445357
"Three Billboards Outside Ebbing, Missouri",54387870
The Woman in Black,54333290
Vertical Limit,54265580
TMNT,54149098
The Hateful Eight,54117416
Raya and the Last Dragon,54108323
Rules of Engagement,54059906
Evil Dead,54047541
Barbershop: The Next Cut,54030051
Insidious,54009149
I Am Number Four,53956182
Paranormal Activity 4,53900335
Focus,53862963
House of Gucci,53807225
Paycheck,53790451
The Guardian,53771207
P.S. I Love You,53695808
Final Destination 3,53624326
3:10 to Yuma,53606916
A Simple Favor,53548586
Life as We Know It,53374681
Corpse Bride,53359111
"Yours, Mine & Ours",53355162
Tyler Perry's Madea's Big Happy Family,53345287
RED 2,53262560
The Devil Inside,53261944
Parasite,53064538
Letters to Juliet,53032453
Sweeney Todd: The Demon Barber of Fleet Street,52898073
The Hundred-Foot Journey,52883311
Life of the Party,52856061
13 Hours,52853219
No Good Deed,52807777
Unfaithful,52756933
Diary of a Wimpy Kid: Rodrick Rules,52682749
Kicking & Screaming,52664450
The Strangers,52597610
American Beauty,52581613
Tyler Perry's A Madea Christmas,52543354
Wall Street: Money Never Sleeps,52448250
Southpaw,52421953
The Lake House,52330111
The Count of Monte Cristo,52244244
Insidious: Chapter 3,52218558
Selma,52076908
The Forbidden Kingdom,52075270
The Call,52009641
Temptation: Confessions of a Marriage Counselor,51975354
The Recruit,51959888
Predators,51925351
Funny People,51855045
Radio,51806904
Footloose2011 Re-release,51802742
Shanghai Noon,51739283
Lion,51738905
I Can Do Bad All by Myself,51733921
Galaxy Quest,51665118
The Grey,51580236
Atomic Blonde,51573925
My Bloody Valentine,51545952
A Cinderella Story,51431160
Underworld,51405540
Hoodwinked!,51386611
Identity,51372367
American Made,51342000
Ghost Rider: Spirit of Vengeance,51335627
Like Mike,51332760
The Prestige,51303155
The Phantom of the Opera,51234413
Hero,51123022
Death at a Funeral,51105407
Hide and Seek,51088333
Uncut Gems,51043075
The Predator,51005080
Atonement,50927067
The Tale of Despereaux,50923650
The Road to El Dorado,50863342
Ouija,50856010
The Boxtrolls,50837305
Syriana,50824620
King Arthur,50767976
The Dark Tower,50701325
Romeo Must Die,50675914
Resident Evil: Extinction,50648679
Jack Ryan: Shadow Recruit,50577412
Music and Lyrics,50572589
If I Stay,50474843
Resident Evil: Apocalypse,50460609
Diary of a Mad Black Woman,50406346
K-PAX,50338485
The Royal Tenenbaums,50331623
The Odd Life of Timothy Green,50325055
Overboard,50316123
Apocalypto,50300345
Hot Tub Time Machine,50287556
Rugrats in Paris,50241913
The Tuxedo,50222103
Ad Astra,50188370
The Book of Life,50086112
Sicario: Day of the Soldado,50072235
Pain & Gain,49875291
Red Tails,49740469
Australia,49534424
Land of the Lost,49438370
Violent Night,49420395
Runaway Jury,49410394
Midnight in Paris,49202893
My Sister's Keeper,49200230
Racing Stripes,49194660
Are We Done Yet?,49152575
The Possession,49130154
This Christmas,49121934
Michael Clayton,49033882
Diary of a Wimpy Kid: Dog Days,49008662
The Hitchhiker's Guide to the Galaxy,48985619
Lady Bird,48958273
Clifford the Big Red Dog,48867827
Muppets Most Wanted,48845027
I Feel Pretty,48795601
Isn't It Romantic,48791187
Firewall,48751189
Home on the Range,48679260
About Last Night,48556825
Gemini Man,48546770
Date Movie,48510383
Miss Congeniality 2: Armed & Fabulous,48478006
The Dilemma,48475290
Peter Pan,48439890
BlacKkKlansman,48431000
Just Like Heaven,48318130
The House Bunny,48237389
Old,48178175
Fat Albert,48109512
Sinister,48086903
Kick-Ass,48071303
Kubo and the Two Strings,48023088
The Huntsman: Winter's War,48003015
Nim's Island,47946353
Save the Last Dance,47932358
Vice,47836282
Big Fat Liar,47835810
The Skeleton Key,47823100
Premonition,47781845
When a Stranger Calls,47753064
Manchester by the Sea,47695371
The Rundown,47631425
Into the Storm,47602194
Precious,47566524
Secret Window,47521846
Peter Pan 2: Return to Never Land,47490446
The Jungle Book 2,47489624
The Kingdom,47467250
Munich,47403685
Agent Cody Banks,47400886
Old Dogs,47397427
Jupiter Ascending,47387723
Kingdom of Heaven,47372310
Poltergeist,47363594
Hostel,47326473
Savages,47323100
Boo 2! A Madea Halloween,47319572
Warcraft,47225655
Beauty and the Beast2012 3D Release,47173729
Nanny McPhee,47144110
The Judge,47119388
Killers,47059963
Jersey Boys,47047013
Shooter,47003582
Sicario,46889293
How to Be Single,46843513
Silent Hill,46756383
Final Destination 2,46747626
Red Sparrow,46740940
Goosebumps 2: Haunted Halloween,46700633
"Lyle, Lyle, Crocodile",46628093
Phone Booth,46491783
Arthur Christmas,46462469
Dan in Real Life,46442074
The Best Exotic Marigold Hotel,46385113
Breaking In,46383120
Boogeyman,46300416
Blended,46294610
Next Friday,46083760
Walking Tall,46005219
Gangster Squad,46000903
Mike and Dave Need Wedding Dates,45889727
Snatched,45847354
Underworld: Rise of the Lycans,45802315
Made of Honor,45758824
Five Feet Apart,45729221
Saw: The Final Chapter,45710178
Death on the Nile,45651365
In Good Company,45549482
Moonrise Kingdom,45512466
12 Strong,45500164
The Man from U.N.C.L.E.,45445109
Jurassic Park2013 Re-release,45385935
Ma,45373120
Don't Worry Darling,45352406
The Legend of Zorro,45243588
Wonder Park,45216793
The Great Wall,45157105
Blade: Trinity,45101619
The Giver,45090374
Hall Pass,45060734
Spotlight,45055776
28 Days Later...,45050805
Going in Style,45018541
Den of Thieves,44947622
First Man,44936545
All Eyez on Me,44922302
xXx: Return of Xander Cage,44898413
Cop Out,44875481
Rambo: Last Blood,44819352
Red Dawn,44806783
Here Comes the Boom,44773279
The Internship,44672764
The Artist,44671682
Smurfs: The Lost Village,44578460
Napoleon Dynamite,44522135
The Forever Purge,44503285
Instructions Not Included,44467206
Playing with Fire,44451847
The Three Stooges,44338224
47 Meters Down,44307191
The Tigger Movie,44155121
St. Vincent,44137712
The Sisterhood of the Traveling Pants 2,44089964
Hereditary,44069456
The Lovely Bones,44028238
Speed Racer,43945766
Must Love Dogs,43894863
Prom Night,43869350
Downton Abbey: A New Era,43826735
Queen & Slim,43808310
License to Wed,43799818
The Gift,43787265
The One,43646951
Cats & Dogs: The Revenge of Kitty Galore,43585753
Tyler Perry's Acrimony,43549096
Tears of the Sun,43495478
Star Wars: Episode I - The Phantom Menace2012 3D Release,43456382
Edge of Darkness,43313890
Everest,43309450
Sherlock Gnomes,43242871
Confessions of a Shopaholic,43207333
Star Trek: Nemesis,43126102
No Reservations,43107979
Toy Story 2,43104741
Harriet,43082155
The Night Before,43047372
John Wick,43037835
War Dogs,43034523
Transporter 2,43022717
Rumor Has It...,43000262
Snitch,42930462
Soul Surfer,42911041
The Big Sick,42872467
"McFarland, USA",42807931
Finding Neverland,42766772
Gulliver's Travels,42763879
Rambo,42754105
Krampus,42725475
A Million Ways to Die in the West,42720965
Year One,42689026
Because I Said So,42674040
The Unborn,42670410
Max,42656785
The Age of Adaline,42629576
Final Destination 5,42587643
College Road Trip,42567545
The Talented Mr. Ripley,42529116
Uncle Drew,42469946
We Are Marshall,42445364
Cocaine Bear,42404950
Widows,42402632
Need for Speed,42354883
Birdman or (The Unexpected Virtue of Ignorance),42324225
Lady in the Water,42285169
"Welcome Home, Roscoe Jenkins",42193500
Resident Evil: Retribution,42113638
Drag Me to Hell,42100625
The Cabin in the Woods,42073277
Almost Christmas,42065185
Spanglish,42044321
Fever Pitch,42040190
Riddick,42025135
Dolphin Tale 2,42024533
Meet the Browns,41975388
A Dog's Way Home,41952715
Nights in Rodanthe,41850659
Exorcist: The Beginning,41821986
Planet 51,41771837
Aliens vs. Predator: Requiem,41769281
Glory Road,41767205
The Hills Have Eyes,41708206
The Angry Birds Movie 2,41667116
Under the Tuscan Sun,41640718
The Hours,41608543
Orphan,41596251
High Crimes,41496954
Step Up 3D,41449437
Reign of Fire,41377035
A Walk to Remember,41239940
What to Expect When You're Expecting,41152203
The Replacements,41133606
The Last Exorcism,41034350
End of Watch,41013371
Money Monster,41012075
John Tucker Must Die,40940389
Out of Time,40927555
The Ides of March,40921987
The Lizzie McGuire Movie,40889882
The Star,40852824
"Love, Simon",40823927
Secondhand Lions,40795597
Barbarian,40773317
Truth or Dare,40717020
Breakthrough,40713082
About a Boy,40683240
Little,40673960
Max Payne,40610751
Duplicity,40572825
Ghost in the Shell,40563557
Valerian and the City of a Thousand Planets,40479370
Paddington 2,40442052
Stranger Than Fiction,40435190
The Water Horse,40340332
The Master of Disguise,40295010
Hanna,40259119
Finding Nemo2012 3D Release,40237145
Bridget Jones: The Edge of Reason,40226215
There Will Be Blood,40222514
Peter Rabbit 2: The Runaway,40219158
Underdog,40201839
Catwoman,40198710
Blue Crush,40161155
Allied,40098064
Righteous Kill,40081410
Collateral Damage,40063538
A Haunted House,40041683
PAW Patrol: The Movie,39993301
Legion,39962168
Pokémon the Movie 2000,39902751
The Wild Thornberrys,39882925
The Illusionist,39867916
You Got Served,39720331
Epic Movie,39706932
Hitman,39663028
30 Days of Night,39568996
Crazy Heart,39458875
Rugrats Go Wild,39402302
Body of Lies,39394666
The Expendables 3,39322544
Second Act,39282227
Lakeview Terrace,39263506
King Arthur: Legend of the Sword,39175066
The Grudge 2,39143839
The Crazies,39123589
Something Borrowed,39046489
Burlesque,39032440
The Sisterhood of the Traveling Pants,39014410
Crawl,39014193
Earth to Echo,38934840
Resident Evil,38921812
The Matrix Resurrections,38782140
The Texas Chainsaw Massacre: The Beginning,38621000
Nerve,38583626
Spy Kids 4-D: All the Time in the World,38538188
80 for Brady,38532788
West Side Story,38528263
Rock of Ages,38518613
The Menu,38475864
Gridiron Gang,38432823
Sex Tape,38406369
Last Holiday,38399901
Stardust,38378897
47 Ronin,38362475
Evolution,38345494
Undercover Brother,38300089
Fracture,38272079
Brooklyn,38219804
Scream 4,38180928
Strange World,38173179
Meet the Spartans,38163139
The Ladykillers,38152668
Ninja Assassin,38122883
Harold & Kumar Escape from Guantanamo Bay,38108728
Jigsaw,38052832
Showtime,37954898
First Sunday,37931869
"Big Mommas: Like Father, Like Son",37897605
Head of State,37845424
Enough,37832261
The Hitman's Wife's Bodyguard,37780885
Wild,37772871
Sky Captain and the World of Tomorrow,37762677
Not Another Teen Movie,37745233
August: Osage County,37738810
For Colored Girls,37729698
The Secret Life of Bees,37728121
Philomena,37709979
Red Riding Hood,37662162
Pan's Labyrinth,37634615
Deep Sea,37605050
Good Boy,37575233
Abraham Lincoln: Vampire Hunter,37519139
Invictus,37491364
The Back-up Plan,37490007
The Longest Ride,37421866
Paul,37412945
Lawless,37400127
The Nativity Story,37397967
Man of the Year,37327390
J. Edgar,37306030
Lost in Translation,37248225
The Roommate,37228375
The King's Man,37225633
Jumping the Broom,37200930
The Guilt Trip,37134215
The Family That Preys,37105289
The Adventures of Sharkboy and Lavagirl 3-D,37094311
The Change-Up,37081475
State of Play,37017955
Surrogates,36982954
30 Minutes or Less,36973302
Uptown Girls,36947411
The Family,36918811
16 Blocks,36895141
Matchstick Men,36886006
The Brothers Grimm,36863578
Notorious,36822061
Risen,36800063
That's My Boy,36795441
The Brave One,36793804
The Heartbreak Kid,36787257
Vampires Suck,36649597
Freedom Writers,36605602
Pitch Black,36556652
The Gentlemen,36471795
Sucker Punch,36392502
Colombiana,36371389
Beauty Shop,36351350
The Commuter,36343858
Accepted,36323505
The Sentinel,36262924
The Nice Guys,36261763
The 15:17 to Paris,36250957
American Assassin,36249674
Mile 22,36108758
Death Race,36097530
Walking with Dinosaurs 3D,36059762
Raising Helen,36027150
Derailed,36024076
What a Girl Wants,36017014
Treasure Planet,36015544
Just Mercy,36001502
National Security,35930051
The Pink Panther 2,35922978
Alpha,35857181
The Boy,35819556
The Island,35818913
Trouble with the Curve,35763137
The Theory of Everything,35753877
Hanging Up,35745324
Changeling,35739912
Taxi2004 Re-release,35713720
Orange County,35707850
Smokin' Aces,35662731
Larry Crowne,35608245
The American,35606376
Dirty Grandpa,35593113
Recess: School's Out,35523920
The Boy Next Door,35423380
The Intruder,35419122
Peppermint,35418723
The Hustle,35417038
The Ringer,35347108
Children of Men,35327768
The Flintstones in Viva Rock Vegas,35268275
Carrie,35266619
Jeepers Creepers 2,35209086
The Number 23,35189000
The Wild,35183175
E.T. the Extra-Terrestrial20th Anniversary,35170040
The Widowmaker,35168966
Star Wars: The Clone Wars,35161554
Last Christmas,35150750
Knock at the Cabin,35136610
Intolerable Cruelty,35119125
Deck the Halls,35090599
Pan,35088320
The Others,35085067
The Messengers,35080025
Step Up Revolution,35074677
A Very Harold & Kumar Christmas,35061031
Drive,35060709
Green Zone,35053660
The Skulls,35046120
Tyler Perry's Good Deeds,35025791
Good Luck Chuck,35017297
50/50,35014192
Ouija: Origin of Evil,34992970
Dragon Ball Super: Super Hero,34886647
Overcomer,34746945
Cradle 2 the Grave,34612814
Hot Pursuit,34580291
The 5th Wave,34550955
Any Given Sunday,34546757
Monster,34445152
Courageous,34404694
The Foreigner,34393507
Concussion,34374366
The Watch,34353000
Inferno,34343574
Texas Chainsaw,34341945
Malibu's Most Wanted,34340148
Crossroads,34330039
Babel,34302837
Alexander,34297191
This Is Where I Leave You,34296320
The Hunted,34244097
The Favourite,34243870
The Northman,34235975
The Reader,34194417
40 Days and 40 Nights,34124000
"Everything, Everything",34121140
The 6th Day,34088103
The DUFF,34030343
28 Days,34017633
Death Wish,34017028
Take the Lead,33943000
Serenity,33918192
Closer,33904846
Million Dollar Arm,33864148
All About Steve,33853938
Stuck on You,33820103
Wind River,33800859
She's the Man,33741133
The Hot Chick,33721773
Geostorm,33700160
Dreamcatcher,33700070
The Gambler,33680992
Keeping the Faith,33671823
Marmaduke,33633597
R.I.P.D.,33618855
Flags of Our Fathers,33602376
Devil,33601190
The Spy Who Dumped Me,33562069
Frankenweenie,33554600
Doubt,33446370
Black Knight,33422806
Halloween II,33392973
Jojo Rabbit,33370906
Monster Trucks,33370166
The Informant!,33316821
Woman in Gold,33307814
Semi-Pro,33256206
Snakes on a Plane,33221253
Hostage,33197000
Windtalkers,33102000
I Spy,33080764
Zodiac,33080084
The Rite,33047633
Arthur,33035397
The Second Best Exotic Marigold Hotel,33021238
Breach,33000880
Balls of Fury,32887213
Bad News Bears,32868349
Drillbit Taylor,32862104
In Her Shoes,32856690
Team America: World Police,32786068
The Last House on the Left,32752215
Dreamer,32751093
Hereafter,32746941
Annihilation,32732301
Taking Lives,32682342
Beast,32641230
Because of Winn-Dixie,32617187
The Punisher,32608000
Eternal Sunshine of the Spotless Mind,32601933
Mr. Bean's Holiday,32589350
Bend It Like Beckham,32536404
Mother's Day,32492859
Unfriended,32482090
Paranormal Activity: The Marked Ones,32462372
The Men Who Stare at Goats,32428195
Fireproof,32427232
Nightcrawler,32381148
Entourage,32363404
Love & Other Drugs,32343814
500 Days of Summer,32317312
Clockstoppers,32252000
Kevin Hart: Let Me Explain,32244051
Don't Breathe 2,32220143
The Love Guru,32200122
Fist Fight,32187017
Missing,32177999
Side Effects,32172757
How to Be a Latin Lover,32149404
Cold Pursuit,32138862
Analyze That,32130627
"Monsters, Inc.2012 3D Release",32103029
Plane,32085549
House of Wax,32064800
Darkness Falls,32041870
2016: Obama's America,32034328
Mr. Magorium's Wonder Emporium,32023163
Scary Movie V,32015787
"Definitely, Maybe",32013120
Paper Towns,31927510
The Bob's Burgers Movie,31915397
Murder by Numbers,31897985
Isle of Dogs,31892516
Patriots Day,31886361
Final Fantasy: The Spirits Within,31863543
Extremely Loud & Incredibly Close,31847881
Milk,31841299
Push,31792909
Bombshell,31762808
9,31749894
The Soloist,31720158
Transporter 3,31715062
Nobody's Fool,31713110
Quarantine,31691811
August Rush,31664162
Stealth,31661638
She's Out of My League,31628317
The Wedding Date,31626995
House at the End of the Street,31611916
Doctor Sleep,31581712
One Hour Photo,31567934
"Good Night, and Good Luck.",31558003
Pride & Prejudice,31545657
Scott Pilgrim vs. the World,31524275
United 93,31483450
Anacondas: The Hunt for the Blood Orchid,31467703
The Original Kings of Comedy,31466879
Zack and Miri Make a Porno,31457946
Adrift,31445011
Chef,31424005
The Eye,31419021
Chappie,31408942
Nick and Norah's Infinite Playlist,31408078
Daddy's Little Girls,31366978
The Constant Gardener,31366385
Leatherheads,31230175
Jesus Revolution,31201585
How High,31178740
The Debt,31177548
Charlie St. Cloud,31162545
Gods of Egypt,31153464
When in Rome,31145051
Johnson Family Vacation,31123902
The Core,31118819
The Mortal Instruments: City of Bones,31113834
Crimson Peak,31090320
Collateral Beauty,31016021
Morning Glory,31011732
Get Rich or Die Tryin',30984537
Joyful Noise,30932113
The Legend of Bagger Vance,30919168
Earth,30818228
Kidnap,30718107
Dragon Ball Super: Broly,30712119
3 Days to Kill,30697999
Mirrors,30671929
Super Troopers 2,30609330
Deliver Us from Evil,30602826
Holmes & Watson,30573626
Get on Up,30569935
Slender Man,30569484
Just Friends,30559000
The Whole Nine Yards,30539744
The Sitter,30441326
Underworld: Blood Wars,30353973
The Mountain Between Us,30348555
The Hurricane,30336123
Toy Story2009 Re-release,30330805
Queen of the Damned,30320297
Long Shot,30316271
The Banger Sisters,30304706
The Fighting Temptations,30250745
Cellular,30242000
Honey,30239140
Life,30234022
The Great Debaters,30227882
How Do You Know,30212620
The Pirates! Band of Misfits,30171011
Calendar Girls,30162217
Daybreakers,30101577
Dragonfly,30096915
Ghost Ship,30089931
"Hail, Caesar!",30080225
The Bank Job,30060660
Space Chimps,30059667
"I, Tonya",30006215
The Iron Lady,30004924
When the Game Stands Tall,29985038
The Mothman Prophecies,29954578
Friday After Next,29910000
Delivery Man,29904680
Hollywood Homicide,29861122
Hostiles,29819130
Grudge Match,29807260
When the Bough Breaks,29747603
The Hate U Give,29643687
Did You Hear About the Morgans?,29580087
Teen Titans GO! To the Movies,29562341
A History of Violence,29448000
The Fog,29396780
Child's Play,29208403
The Mechanic,29121498
Priest,29073118
The Stepfather,29062561
Brothers,29034756
Nanny McPhee Returns,29011215
Rent,28983094
The Watcher,28946615
One Direction: This Is Us,28852199
Zoolander 2,28848693
Draft Day,28842237
Kick-Ass 2,28795985
Point Break,28782481
Molly's Game,28780744
Ready or Not,28714231
The Five-Year Engagement,28700285
Untraceable,28687835
Defiance,28644813
Confessions of a Teenage Drama Queen,28613388
28 Weeks Later,28598435
The Uninvited,28596818
A Walk in the Woods,28593964
We Own the Night,28563179
Swimfan,28559617
21 Bridges,28539757
Open Water,28515460
Mr. Brooks,28487657
Employee of the Month,28444855
The Host,28433201
Garfield: A Tail of Two Kitties,28387844
The Nut Job 2: Nutty by Nature,28370522
Snake Eyes,28233836
The Prince and Me,28176477
The Ant Bully,28142535
Abduction,28087155
Return to Me,28082162
Happy Death Day 2U,28051045
Doom,28048600
Zathura: A Space Adventure,28045540
My Dog Skip,28037318
Johnny English,27988610
Bad Company,27879310
Beastly,27865571
Moonlight,27854932
Crank,27838408
Rings,27793018
Logan Lucky,27780977
Sinister 2,27740955
Oculus,27695246
Saw VI,27693292
Hannibal Rising,27669725
The New Guy,27544150
Mortal Kombat,27525000
No Escape,27451813
Midsommar: The Directors Cut,27426361
Florence Foster Jenkins,27383770
Chimpanzee,27373646
The Last Witch Hunter,27367660
Brown Sugar,27343305
Hubble 3D,27273408
Cats,27166770
Brooklyn's Finest,27163593
Nobody,27158446
Cloud Atlas,27108272
The Musketeer,27073640
After the Sunset,27027551
Home Again,27020284
Hell or High Water,27007844
Dallas Buyers Club,27002611
Halloween: Resurrection,26948000
Rush,26947624
The Switch,26914333
The Women,26902075
One Missed Call,26890041
The Conjuring: The Devil Made Me Do It,26860000
Elizabethtown,26850433
Resident Evil: The Final Chapter,26830068
Ricki and the Flash,26798487
Garden State,26774462
The Best of Me,26766213
The Other Boleyn Girl,26710715
Wrath of Man,26694528
Black Christmas,26665468
The Forest,26594261
American Underdog,26591063
Machete,26564746
The Woman in Black 2: Angel of Death,26501323
Basic,26471533
Run All Night,26461644
Proof of Life,26452424
Fantasy Island,26441782
The Missing,26420693
One for the Money,26414527
Ben-Hur,26410477
The Art of Racing in the Rain,26395642
Street Kings,26367566
Sinbad: Legend of the Seven Seas,26308852
Love the Coopers,26302731
A Man Apart,26245100
The Wrestler,26232937
Blood Work,26218081
War,26126764
Ramona and Beezus,26098990
xXx: State of the Union,26082914
That Awkward Moment,26068955
The Descent,26024456
Searching,26020957
A Walk Among the Tombstones,26017685
I Am Sam,26010349
The Adventures of Rocky & Bullwinkle,26005820
The World's End,26004851
Dr. Dolittle 2,25933981
The Nanny Diaries,25926673
The Finest Hours,25919859
Leap Year,25918920
Alex Cross,25888412
Æon Flux,25877366
Superhero Movie,25874034
Shutter,25811376
The Lazarus Effect,25801570
21 & Over,25682380
Dance Flick,25662155
Countdown,25621766
Nancy Drew,25612520
The Mist,25593755
The House,25584504
Her,25568251
Captain Corelli's Mandolin,25543895
W.,25534493
The Fourth Kind,25486040
The International,25450527
Magic Mike's Last Dance,25368905
Katy Perry: Part of Me,25326071
Top Five,25317471
Under the Sea 3D,25299985
The Transporter,25288972
Escape Room: Tournament of Champions,25211887
Cats & Dogs,25204386
Twisted,25198638
Aliens in the Attic,25168704
Mr. Woodcock,25164000
Escape Plan,25135965
The Reaping,25126214
Killer Elite,25124966
All the Money in the World,25112850
Alpha and Omega,25107267
Winchester,25091816
Grindhouse,25037897
The Invitation,25022868
In the Heart of the Sea,25020758
The November Man,25018119
Piranha 3D,25003155
Winnie the Pooh,24908064
Season of the Witch,24827227
Our Idiot Brother,24816118
Stick It,24790662
Never Back Down,24783626
Thank You for Smoking,24772457
Gifted,24768464
Lottery Ticket,24719879
Avatar2022  Re-release,24627758
On the Basis of Sex,24622687
The Pianist,24608394
Amazing Grace,24572414
Sicko,24540079
Love & Basketball,24512042
Don Jon,24477704
Downsizing,24449754
The Strangers: Prey at Night,24431472
The Sweetest Thing,24430272
Elektra,24409722
Fearless,24318859
Judy,24312914
The Spy Next Door,24307086
Sparkle,24232871
Across the Universe,24188234
Dumb and Dumberer: When Harry Met Lloyd,24160000
Lord of War,24149632
Tinker Tailor Soldier Spy,24149393
Clerks II,24148068
Bridget Jones's Baby,24139805
From Paris with Love,24077427
Don't Be Afraid of the Dark,24018957
Dark Water2005 Re-release,24015119
White Boy Rick,24011188
Observe and Report,24007324
Jersey Girl,23970000
Unleashed,23940448
An Inconvenient Truth,23814997
Whitney Houston: I Wanna Dance with Somebody,23666574
The New Mutants,23660043
The Wicker Man,23649127
The Losers,23591432
What Now?,23574605
Hotel Rwanda,23530892
Traitor,23530831
Nurse Betty,23467333
Perfect Stranger,23446632
Endless Love,23438250
In Time,23428426
You Again,23400181
The Covenant,23292105
Eight Crazy Nights,23260175
Faster,23240020
Agent Cody Banks 2: Destination London,23229287
Vicky Cristina Barcelona,23216709
Spiral,23216522
Sanctum,23209310
The Life Aquatic with Steve Zissou,23194351
Monte Carlo,23184930
Match Point,23151529
Kingdom Come,23116341
Pompeii,23107746
Fighting,23091010
Whiskey Tango Foxtrot,23083334
Bulletproof Monk,23032578
Transcendence,23022309
Ron's Gone Wrong,22997810
Love Happens,22965110
Fighting with My Family,22958886
Born to Be Wild,22921711
The Witch,22914150
Revolutionary Road,22911480
Two for the Money,22894899
Joe Somebody,22770864
The Gallows,22764500
Prime,22760360
Dickie Roberts: Former Child Star,22738671
Booksmart,22680962
Won't You Be My Neighbor?,22609447
A Dog's Journey,22546590
The Black Dahlia,22545080
The Incredible Burt Wonderstone,22537881
Ice Princess,22501599
Babylon A.D.,22499232
My Super Ex-Girlfriend,22498723
Lucky Number Slevin,22495466
Around the World in 80 Days,22494935
Demon Slayer the Movie: Mugen Train,22493006
Piglet's Big Movie,22487353
Marry Me,22467810
Hitman: Agent 47,22457659
Fame,22455510
City by the Sea,22427129
Stay Alive,22398939
The Bye Bye Man,22395806
Respect,22393123
Stuber,22370452
Hot Fuzz,22358731
Project Almanac,22348241
Richard Jewell,22345542
Ambulance,22305365
47 Meters Down: Uncaged,22260900
Victoria & Abdul,22245070
Hustle & Flow,22201948
Adaptation.,22191877
Like a Boss,22169514
Rough Night,22105643
Black and Blue,22055313
Deuce Bigalow: European Gigolo,22042597
The Medallion,21963049
Love Don't Cost a Thing,21905267
Biker Boyz,21894189
My Little Pony: The Movie,21885107
Leap!2017 Re-release,21858070
The Big Wedding,21819348
Overlord,21704844
Kate & Leopold,21663566
Your Highness,21596445
Mud,21590086
Snowden,21587519
Black or White,21571189
Baggage Claim,21565089
Reindeer Games,21504535
"The Way, Way Back",21502690
The Alamo,21497158
Just Wright,21493700
The Crocodile Hunter: Collision Course,21474000
The Darkest Hour,21443494
A Lot Like Love,21429859
The Book Thief,21415417
The Place Beyond the Pines,21403519
Skyline,21393620
Jujutsu Kaisen 0: The Movie,21364059
Shaft,21360215
Ex Machina,21335499
Dream House,21302340
All About the Benjamins,21296000
Conan the Barbarian,21295021
"As Above, So Below",21222315
Mechanic: Resurrection,21218403
Torque,21188287
ATL,21170563
The Next Three Days,21148651
The Disaster Artist,21120616
Antwone Fisher,21071602
Darkness,21008107
Flight of the Phoenix,20997558
Mr 3000,20996677
Waist Deep,20991076
The War with Grandpa,20987766
Looney Tunes: Back in Action,20960862
Fantastic Mr. Fox,20958741
Phantom Thread,20956300
The X Files: I Want to Believe,20941101
Shorts,20919166
Flicka,20918809
Proud Mary,20877013
The Kids Are All Right,20811365
Free State of Jones,20810036
Sleepless,20783704
Blair Witch,20777061
The Hills Have Eyes 2,20774758
God's Not Dead 2,20774574
Whale Rider,20763441
Diary of a Wimpy Kid: The Long Haul,20734068
The Happytime Murders,20706452
Father Stu,20699911
Mad Money,20668843
Keanu,20591853
Mars Needs Moms,20583539
The Photograph,20578185
Cold Creek Manor,20545177
SuperFly,20545116
Gamer,20534907
The Circle,20497844
Land of the Dead,20495060
Aloha,20482735
High Fidelity,20464673
The Peanut Butter Falcon,20457151
The In-Laws,20453431
Ella Enchanted,20439244
Brick Mansions,20396829
Little Black Book,20386163
"Girl, Interrupted",20381166
The Three Musketeers,20374484
A Prairie Home Companion,20342852
Reno 911! Miami,20313720
The Unbearable Weight of Massive Talent,20306623
Pulse,20264436
Our Family Wedding,20225614
Down with Love,20221765
Country Strong,20218921
Appaloosa,20211394
Baahubali 2: The Conclusion,20186659
Secret in Their Eyes,20180155
The Last Mimzy,20174000
Homefront,20158898
Big Miracle,20157300
UglyDolls,20150241
Jonah: A VeggieTales Movie,20120013
Premium Rush,20119395
NASCAR: The IMAX Experience,20075293
Gone Baby Gone,20059000
Middle School: The Worst Years of My Life,20007149
Devotion,19980777
Thirteen Days,19876120
Spy Kids,19859284
Prey for the Devil,19833530
Space Jam: A New Legacy,19820000
The Spirit,19806188
Yu-Gi-Oh!: The Movie - Pyramid of Light,19762690
Broken City,19701164
Nine Lives,19700032
The Life of David Gale,19694730
Nine,19670243
Reign Over Me,19607628
Astro Boy,19551067
Igor,19528602
Beautiful Creatures,19507973
The Eagle,19490041
Unhinged,19488900
Timeline,19481943
The Invisible,19410621
The Producers,19398532
Shaun the Sheep Movie,19375982
Runner Runner,19316646
My Best Friend's Girl,19219250
Beerfest,19185184
Martin Lawrence Live: Runteldat,19184800
Cabin Fever,19179689
Bridget Jones's Diary,19135731
Race,19115191
"I, Frankenstein",19075290
Moonfall,19073481
Remember Me,19068240
Waitress,19042372
The Impossible,19019882
Unplanned,19005109
Two Brothers,18999515
Man of the House,18997853
Haywire,18942396
Georgia Rule,18920455
Shark Night 3D,18877153
Vacancy,18873847
The Legend of Hercules,18848538
Akeelah and the Bee,18848430
The Marine,18798802
Oceans,18735398
The Choice,18730891
Eye in the Sky,18704595
Jonas Brothers: The 3D Concert Experience,18662132
Frost/Nixon,18622031
Man on a Ledge,18620000
Chips,18600152
Aquamarine,18568348
Ultraviolet,18500966
You're Next,18494006
Super Troopers,18492362
Into the Blue,18472363
The Invention of Lying,18451251
A Thousand Words,18450127
Quartet,18400286
Into the Wild,18354356
Only the Brave,18343983
North Country,18337722
Walk Hard: The Dewey Cox Story,18317151
The Four Feathers,18306166
Paranormal Activity: The Ghost Dimension,18300124
127 Hours,18292814
The Last Castle,18244060
The Chosen Season 3: Episode 1 & 2,18204430
Capote,18135126
Chernobyl Diaries,18119640
Tuck Everlasting,18056858
Next,18049868
Cursed,18020000
Admission,18007317
They Shall Not Grow Old,17956913
The Contender,17872723
Assault on Precinct 13,17871130
School for Scoundrels,17807569
Going the Distance,17804299
Mother!,17800004
Bad Times at the El Royale,17790429
Bad Santa 2,17782178
The Secret World of Arrietty,17777936
Paws of Fury: The Legend of Hank,17777191
Steve Jobs,17766658
Van Wilder: Party Liaison,17762000
EuroTrip,17749849
Show Dogs,17744685
The Perks of Being a Wallflower,17742948
Mr. Holmes,17737635
Punch-Drunk Love,17708311
The Farewell,17695781
Apollo 18,17687709
Valiant,17676829
Kit Kittredge: An American Girl,17657973
Nebraska,17654912
Fright Night,17634455
Furry Vengeance,17630465
Parker,17616641
Operation Finale,17612099
Hostel: Part II,17609452
Along Came a Spider,17597870
The Last King of Scotland,17584817
"Paul, Apostle of Christ",17560475
Spirit Untamed,17557845
Silent Hill: Revelation,17533300
Empire,17528560
A Mighty Wind,17521077
Enough Said,17517110
Dope,17506570
Father Figures,17501244
Notes on a Scandal,17493725
Sorry to Bother You,17493096
The Zookeeper's Wife,17445186
The Ruins,17432844
Dark Skies,17418667
Chappaquiddick,17395520
Addicted,17390770
Masterminds,17368022
The Upside of Anger,17365000
Free Solo,17345158
A Haunted House 2,17329486
Licorice Pizza,17307957
Becoming Jane,17306974
Just My Luck,17303661
Inkheart,17303424
Brightburn,17300439
Underwater,17291078
Wanderlust,17288155
The Glass Castle,17273059
Eight Legged Freaks,17272021
Small Time Crooks,17265238
Roll Bounce,17242963
A Most Wanted Man,17237388
Pooh's Heffalump Movie,17229670
Laws of Attraction,17225000
Seventh Son,17223265
Fired Up!,17187053
Eastern Promises,17181265
The Good Liar,17156058
Safe,17142080
The Fabelmans,17129386
Norm of the North,17062499
Bears,17047651
The Devil's Rejects,17044981
Splice2010 Re-release,17010170
Win a Date with Tad Hamilton!,16973346
The Counselor,16946319
Resident Evil: Welcome to Raccoon City,16940573
88 Minutes,16930884
Serving Sara,16930185
The Thing,16928670
Deliver Us from Eva,16892083
Flatliners,16883115
Wimbledon,16862585
Rebound,16793486
The Kid Who Would Be King,16790790
Detroit,16790139
New in Town,16734283
Bowling for Columbine,16717647
Catch That Kid,16679623
Unaccompanied Minors,16655224
Missing Link,16649539
Annapolis,16613087
Dead Silence,16574590
Mary Queen of Scots,16468499
The Green Knight,16452414
Hart's War,16401660
Forever My Girl,16376066
White Oleander,16357770
The Whole Ten Yards,16323969
The Perfect Man,16317820
Young Adult,16311571
Elizabeth: The Golden Age,16285240
The Master,16258724
The Way Back,16249457
Wolf Creek,16188180
Jennifer's Body,16186947
Begin Again,16170632
Jobs,16131407
Waiting...,16124543
Imagine That,16123323
The French Dispatch,16116135
Fruitvale Station,16101339
Adventureland,16044025
Kung Pow: Enter the Fist,16036962
The Transporter Refueled,16029670
The Raven,16008272
Son of the Mask,16005440
My Baby's Daddy,15983488
The Single Moms Club,15973881
Mortal Engines,15951040
Swordfish,15938829
Blow,15923207
Marie Antoinette,15916194
Armored,15914384
The Hitcher,15904000
Harold & Kumar Go to White Castle,15820000
The Birth of a Nation,15803772
The Kite Runner,15800078
The Ninth Gate,15793016
Devil's Due,15785335
Hunter Killer,15767460
Pride and Glory,15740721
Eddie the Eagle,15739131
An American Haunting,15700568
Monkey Kingdom,15699527
Paparazzi,15692308
Larry the Cable Guy: Health Inspector,15680099
Criminal,15637929
The Man with the Iron Fists,15634090
Happily N'Ever After,15589393
The Marksman,15575508
Swing Vote,15555204
The Gospel,15551325
The Ghost Writer,15541549
In America,15518515
A Perfect Getaway,15515460
Late Night,15491855
The Turning,15472765
A Guy Thing,15452412
View from the Top,15440317
The Infiltrator,15431420
Gretel & Hansel,15347654
Babylon,15339753
About Time,15322921
Bangkok Dangerous,15298133
The Unholy,15277879
Youth in Revolt,15275308
Catch and Release,15269668
Half Past Dead,15262696
Alpha Dog,15242450
Vanity Fair,15225761
The Last Exorcism 2,15179302
And So It Goes,15160801
Arthur and the Invisibles,15132763
"The Goods: Live Hard, Sell Hard",15122676
Atlantis: The Lost Empire,15075599
The Invasion,15074191
Kung Fu Hustle,15063000
The Box,15051977
See No Evil,15032800
Seven Psychopaths,15024049
My Boss's Daughter,15018078
Judy Moody and the Not Bummer Summer,15013650
Miss Bala,15006824
Lions for Lambs,15000115
Titanic25 Year Anniversary,14965756
The Country Bears,14956662
Killing Them Softly,14947716
If Beale Street Could Talk,14915773
Step Up All In,14904386
Amsterdam,14904110
Seed of Chucky,14902000
Magnolia,14891599
Last Chance Harvey,14889042
Solaris,14887875
The Cave,14884003
Keeping Up with the Joneses,14871832
The Prodigy,14856291
The Greatest Game Ever Played,14841629
The Girl in the Spider's Web,14841338
The Possession of Hannah Grace,14837422
The Whale,14819401
Wonder Boys,14791315
"I Love You, Beth Cooper",14752368
My Soul to Take,14744435
Tristan & Isolde,14711400
Rat Race,14692161
The Case for Christ,14682684
Man on the Moon,14682505
It Follows,14674076
Confessions of a Dangerous Mind,14630741
Beyond the Lights,14618727
My Week with Marilyn,14600347
The 355,14574420
The Girl Next Door,14553853
Everyone's Hero,14516662
Loser,14500485
Big Eyes,14482031
Ponyo,14468251
Stillwater,14447850
"Hello, My Name Is Doris",14444999
America: Imagine the World Without Her,14444502
Life or Something Like It,14443273
American Ultra,14440985
Welcome to Mooseport,14436953
The Edge of Seventeen,14431633
The Nightmare Before Christmas2008 3D Release,14412960
Woodlawn,14394097
Awake,14374840
Wrong Turn,14372046
Capitalism: A Love Story,14363397
Dear Evan Hansen,14335726
Lockout,14326864
Snow Falling on Cedars,14316301
A Knight's Tale,14273811
Josie and the Pussycats,14271015
Ballistic: Ecks vs. Sever,14263451
Amelia,14246488
Alex & Emma,14218698
Disaster Movie,14190901
The Suicide Squad,14150000
Hollywoodland,14101000
The Emperor's Club,14072080
How to Deal,14052000
New York Minute,14045006
Wish Upon,14020803
Left Behind,14019924
The Good Girl,14018096
Love & Friendship,14016568
Soul Plane,13957242
Stealing Harvard,13946508
Hot Rod,13938332
Belle,13926305
It Comes at Night,13878749
Jackie,13874724
Born in China,13873211
Cirque du Freak: The Vampire's Assistant,13869515
The Duchess,13848978
One Day,13843771
Firehouse Dog,13834840
Monster Hunter,13807913
Repo Men,13794835
Frank Miller's Sin City: A Dame to Kill For,13757804
Letters from Iwo Jima,13756082
Hit and Run,13746550
Spring Breakers,13708497
Crank: High Voltage,13684249
Warrior,13657115
Burnt,13651946
My Hero Academia: Heroes Rising,13651826
Poms,13631124
Godsend,13607000
The Haunting of Molly Hartley,13559812
Eighth Grade,13539709
The Namesake,13535636
King Richard,13522236
What's Your Number?,13489714
Christmas with the Chosen: The Messengers,13470798
Out Cold,13423839
Dredd,13414714
African Cats,13412982
Megan Leavey,13406304
Alfie,13399812
Labor Day,13371528
De-Lovely,13350879
The Comebacks,13346103
The Next Best Thing,13290706
Chaos Walking,13284115
Case 39,13261851
Ghost Town,13252641
Inside Llewyn Davis,13235319
The Tree of Life,13228329
One Night with the King,13187405
Feardotcom,13157352
The Rum Diary,13109815
Playing for Keeps,13103272
Hillary's America: The Secret History of the Democratic Party,13099931
Flyboys,13090630
Hey Arnold! The Movie,13084810
Whip It,13025018
House of Sand and Fog,13024825
Easter Sunday,13019660
Daddy Day Camp,13017788
Religulous,13011160
Do You Believe?,12985600
Anna and the King,12982592
Envy,12968190
To the Arctic 3D,12947892
Wicker Park,12924439
Friends with Money,12901087
Gods and Generals,12882935
The Honeymooners,12843894
Shaun of the Dead,12833524
Anna Karenina,12816367
The Founder,12786053
Silent House,12754783
I Heart Huckabees,12752075
Beasts of the Southern Wild,12738066
The Pirates Who Don't Do Anything: A VeggieTales Movie,12727025
Carol,12711491
The Darkest Minds,12667793
The Hurt Locker,12646219
News of the World,12640710
Triple 9,12639297
Brahms: The Boy II,12611536
Winter's Tale,12600231
Battle of the Sexes,12598957
The Matador,12594698
Under the Same Moon,12590147
Idlewild,12571185
Love & Mercy,12559446
The Light Between Oceans,12545979
25th Hour,12532723
Dirty Dancing: Havana Nights,12527000
I Think I Love My Wife,12513596
Freedomland,12512886
Thomas and the Magic Railroad,12493053
The Weather Man,12482775
Shoot 'Em Up,12446000
Gosford Park,12430895
Cirque du Soleil: Worlds Away,12393487
Dangal,12391761
Hot Tub Time Machine 2,12314651
Miss Pettigrew Lives for a Day,12313694
The Animal,12304978
How to Eat Fried Worms,12295014
Demon Slayer: Mugen Train,12286511
Evening,12280000
Self/less,12279691
Fly Me to the Moon 3D,12264726
Three Identical Strangers,12255862
Before I Fall,12241122
The 33,12227722
Chasing Liberty,12195626
The Kitchen,12180032
Far from the Madding Crowd,12140679
After,12138565
Let Me In,12134935
Honest Thief,12127599
12 Rounds,12092888
Soul Men,12082391
Extraordinary Measures,12068313
Sunshine Cleaning,12062558
The Last Stand,12050299
The Protector,12044087
Sorority Row,11965282
Pathaan,11964194
"Roman J. Israel, Esq.",11962778
Strange Magic,11937516
Blinded by the Light,11901145
Upgrade,11871365
The Darjeeling Limited,11841549
Glee: The 3D Concert Movie,11839236
House of 1000 Corpses,11789700
Meet Dave,11765523
Sydney White,11730515
Fifty Shades of Black,11686940
Gone,11682205
Breakin' All the Rules,11674829
One Piece Film: Red,11660528
People Like Us,11649640
Rollerball,11646126
Dave Chappelle's Block Party,11642000
Bros,11636525
The Last Kiss,11614790
Confidence,11558000
The Conspirator,11538180
No manches Frida,11528613
The Longshots,11511323
The Words,11494838
Material Girls,11449638
The Powerpuff Girls Movie,11412714
Nightmare Alley,11372535
Unforgettable,11368012
Zoom,11339364
Out of the Furnace,11330849
Jane Eyre,11242660
Surviving Christmas,11217186
Bobby,11205901
The Old Man & the Gun,11156394
Dark Waters,11136084
The Danish Girl,11114018
Casanova,11113242
RRR,11113000
Hell Fest,11107431
Café Society,11103205
In the Land of Women,11052958
21 Grams,11044393
Mrs. Henderson Presents,11036366
The Quiet American,11014244
Doomsday,11008770
Lords of Dogtown,11008432
The Astronaut Farmer,11003643
Pride and Prejudice and Zombies,10938134
Brotherhood of the Wolf,10932641
Stop-Loss,10915744
The Polar Express2005 IMAX Release,10900597
Dead Man Down,10895295
The Lighthouse,10849108
Be Kind Rewind,10830792
Highlander: Endgame,10824685
Extract,10823158
They,10788000
Jason X,10772000
Welcome to Marwen,10763520
The Darkness,10753574
Avatar2010 Special Edition,10741486
Abandon,10727683
Drive Angry,10721033
Frida,10720000
Juwanna Mann,10691552
The Drop,10680693
The Gunman,10664749
Nocturnal Animals,10663357
Something New,10617374
PK,10616104
Antlers,10612358
The Motorcycle Diaries,10581097
The Beguiled,10576669
Not Easily Broken,10572742
Jonah Hex,10547117
Greta,10519425
Sabotage,10508518
Getaway,10501938
Dragon Wars: D-War,10485000
Impractical Jokers: The Movie,10466091
Narc,10465659
The Banshees of Inisherin,10460758
Bodies Bodies Bodies,10456317
The Last Duel,10426361
Head Over Heels,10424470
Moms' Night Out,10400905
The Perfect Score,10391003
Live by Night,10378555
Island of Lemurs: Madagascar,10370683
Come Play,10359245
Mrs Harris Goes to Paris,10339050
Pandorum,10330853
Straw Dogs,10324441
The Boondock Saints II: All Saints Day,10273188
Whiteout,10272950
Kinsey,10254979
Knockaround Guys,10237000
The Miracle Season,10230620
In the Mix,10223896
The Best of Enemies,10205616
Unfinished Business,10204358
The Intouchables,10198820
End of the Spear,10198000
Primeval,10189120
The Belko Experiment,10166820
Win Win,10150899
The Fountain,10144010
Hoodwinked Too! Hood vs. Evil,10143779
Demon Slayer: Kimetsu No Yaiba - To the Swordsmith Village,10117806
RBG,10116762
Last Night in Soho,10112860
Emma.,10055355
Shopgirl,10052081
Marshall,10051659
Next Day Air,10027047
Bloodshot,10021787
Bratz,10010209
Penelope,10006295
Padmaavat,9940403
The Walk,9878767
Pathfinder,9874667
I Still Believe,9868521
Raise Your Voice,9835000
Sorority Boys,9803205
Blue Valentine,9706328
X,9688989
The Perfect Match,9669521
I Don't Know How She Does It,9662284
The Emperor's New Groove,9658847
Hotel Mumbai,9651611
The Express,9643725
The Young Victoria,9617660
Midnight Sun,9561064
See How They Run,9559914
Firestarter,9554195
Fair Game,9540691
Blacklight,9514981
Smart People,9511289
Rendition,9505000
Thank You for Your Service,9499488
Popstar: Never Stop Never Stopping,9496130
Bullet to the Head,9489829
Domino,9461000
Away We Go,9451946
Scoop,9443000
The Visitor,9427088
Rock Dog,9420546
Here on Earth,9414151
Once,9414148
Fun Size,9409538
Glass Onion: A Knives Out Mystery,9400000
Spirited Away,9399230
Black Snake Moan,9396870
Death Sentence,9384327
Let Him Go,9333765
Dragonball Evolution,9326925
Spider-Man: No Way Home2022 Re-release,9277808
Motherless Brooklyn,9277736
No Manches Frida 2,9270920
Undisputed,9258916
Hardcore Henry,9252038
A Serious Man,9228768
Tully,9227130
Broken Flowers,9218072
Redeeming Love,9212365
Everybody's Fine,9208876
"Where'd You Go, Bernadette",9198356
Traffik,9186156
Peeples,9177065
A Mighty Heart,9176787
A Single Man,9152334
Dark Blue,9145341
Baby Boy,9133036
Meet the Blacks,9097072
Huevos: Little Rooster's Egg-cellent Adventure,9080818
Ready to Rumble,9080753
The Divorce,9062159
Salmon Fishing in the Yemen,9047981
The Boy in the Striped Pajamas,9046156
Apollo 11,9039891
First Daughter,9038447
Pearl,9035149
Transamerica,9015303
Sleepover,9014307
Superbabies: Baby Geniuses 2,9007869
Freaky,8996070
Prom,8989380
Cry Wolf,8982000
Till,8928655
Belfast,8906405
The Promise,8893913
Queen of Katwe,8874389
House Party,8849943
Movie 43,8840453
Battle of the Year,8836048
Ratchet & Clank,8821329
The Ice Harvest,8818984
Saved!,8813886
House of the Dead,8812000
Unfriended: Dark Web,8783985
The Seeker: The Dark Is Rising,8777111
Suspect Zero,8725813
Street Fighter: The Legend of Chun-Li,8702482
The Lobster2016 Re-release,8688080
My Life in Ruins,8595389
The Lost City of Z,8580119
Terrifier 2,8554780
Bicentennial Man,8530843
MacGruber,8525600
The Quiet Ones,8509867
Pride,8504234
The Cookout,8490894
Star Wars: Episode II - Attack of the Clones2002 IMAX Release,8485488
Legends of Oz: Dorothy's Return,8462347
La Vie En Rose,8434706
Sex Drive,8402485
Frailty,8380000
Death to Smoochy,8364691
Can You Ever Forgive Me?,8326269
Duplex,8324038
Mandela: Long Walk to Freedom,8323085
Boat Trip,8318600
Johnny English Reborn,8305970
Downhill,8287061
S1m0ne,8276275
Early Man,8267544
The Nightmare Before Christmas2006 3D Release,8203087
The Road,8201246
Cadillac Records,8195551
Delta Farce,8130530
Inherent Vice,8110975
A Cure for Wellness,8077739
Bella,8066998
Connie and Carla,8063415
The Painted Veil,8060487
Punisher: War Zone,8050977
Three Thousand Years of Longing,8048183
Mad Hot Ballroom,8046103
Dhoom 3,8031955
Pirate Radio,8017917
Dragon Ball Z: Resurrection F,8008363
Machete Kills,8008161
The Wild Life,8005586
My Hero Academia: World Heroes' Mission,7990688
Brahmastra Part One: Shiva,7982012
The Death of Stalin,7969810
Arbitrage,7919574
Sanju,7909317
In the Bedroom,7908051
Blackhat,7889395
The Space Between Us,7885294
Trumbo,7857741
Bernie,7855396
Tenacious D in the Pick of Destiny,7851000
The Great Raid,7820185
City of Ember,7815784
Bones and All,7803235
Slither,7802450
In Bruges,7800825
Weathering with You,7799053
Vampire Academy,7791979
Bad Words,7779614
Anna,7748082
Unsane,7732899
Beautiful Boy,7723093
In the Heights,7720000
Tupac: Resurrection,7718961
The Collector,7712114
Loving,7710234
The New World2005 Re-release,7702501
Penguins,7699452
Kevin Hart: Laugh at My Pain,7697703
Mortdecai,7696134
Elle s'appelait Sarah,7693187
The Night Listener,7687000
Super Size Me,7665541
Miracle at St. Anna,7658999
The Return,7653217
The Order,7647029
Promised Land,7597898
An Unfinished Life,7569000
El cantante,7556802
Hoot,7533000
The Curse of the Jade Scorpion,7517191
Nothing Like the Holidays,7503736
The Protege,7463268
Taking Woodstock,7460204
I'll See You in My Dreams,7449681
Cyrus,7442641
A Good Year,7438586
Doogal,7417319
Expelled: No Intelligence Allowed,7396988
Godzilla 2000,7396772
Paranoia,7388654
It Runs in the Family,7387378
Still Alice,7383000
The Condemned,7371706
Mid90s,7362439
Driven,7322307
Martian Child,7322000
Babies,7320323
Memory,7319538
Code Name: The Cleaner,7284038
Friends with Kids,7251073
Boyhood,7236952
Fall,7235161
Let There Be Light,7233491
Gold,7232577
Joe Dirt,7232282
Mulholland Drive,7220243
The Green Inferno,7192291
American Dreamz,7191830
Brittany Runs a Marathon,7189808
The Orphanage,7161284
I Know Who Killed Me,7150096
The Man,7149000
Swimming Pool,7137411
Blue Jasmine,7134774
Beatriz at Dinner,7115853
Silence,7100177
The Night House,7100121
All the King's Men,7097319
Bajrangi Bhaijaan,7090000
Seeking a Friend for the End of the World,7078738
How She Move,7070641
Screwed,7027345
Bug,7025810
Kissing Jessica Stein,7025722
Men,7014764
Black Nativity,7013679
An American Carol,7013191
Crossover,7009668
Our Brand Is Crisis,7002261
Turistas,6967793
Phat Girlz,6937112
Take Me Home Tonight,6928068
Trapped,6916869
Birth of the Dragon,6901965
Shut In,6900335
Big Trouble,6884049
Willard,6881732
Redline,6881021
The Brothers Grimsby,6874837
The Spectacular Now,6850918
Cedar Rapids,6849722
The Collection,6842058
BTS Permission to Dance on Stage - Seoul: Live Viewing,6840000
The Hoax,6820000
Thunderbirds,6810050
Dog Days,6809080
Boy Erased,6788692
In the Valley of Elah,6777741
Over Her Dead Body,6764000
Conviction2010 Re-release,6756095
Running with Scissors,6754898
Hotel Artemis,6708137
Tár,6689212
City Island,6671036
The Snowman,6670765
What's the Worst That Could Happen?,6656416
Femme Fatale,6614668
Me and Earl and the Dying Girl,6601163
The Grandmaster,6594959
Strange Wilderness,6575282
Millions,6572419
The Dead Don't Die,6563605
Jexi,6546159
3 Idiots,6532874
Winter's Bone,6531503
The Savages,6515688
A-X-L,6499982
The Big Bounce,6489476
Promising Young Woman,6488390
Little Boy,6485961
The Young Messiah,6469813
A Journal for Jordan,6442640
Angel Eyes,6431570
Run the Race,6424420
Same Kind of Different as Me,6423605
Waiting for 'Superman',6417135
The Rocker,6390303
Cantinflas,6382924
Hyde Park on Hudson,6376145
Fatale,6365729
It's Kind of a Funny Story,6363628
Post Grad,6362617
BTS: Yet to Come in Cinemas,6350496
Brideshead Revisited,6308453
Southside with You,6304223
The Jacket,6303762
All Is Lost,6263670
Unbroken: Path to Redemption,6216897
Justin Bieber's Believe,6207066
A Very Long Engagement,6200009
Fahrenheit 11/9,6197539
Lowriders,6179955
Beyond the Sea,6167729
Every Day,6148105
The Hurricane Heist,6115806
Chasing Papi,6113760
Teacher's Pet,6111700
The Interview,6105175
Grandma's Boy,6082490
Gigli,6048846
Leave No Trace,6046104
Moonlight Mile,6045882
Meet the Mormons,6045305
Hitchcock,6008677
Marcel the Shell with Shoes On,6003366
"Run, Fat Boy, Run",6003262
Chasing Mavericks,6002756
The Loft,6002684
The Sessions,6002451
The Current War: Director's Cut,5979540
Once Upon a Deadpool2018 Re-release,5978183
Just Getting Started,5973430
Possession,5965660
Captive State,5958315
Lars and the Real Girl,5956480
The Last Legion,5933494
Running Scared,5913000
Casa de mi Padre,5909483
The Florida Project,5904366
Death of a Nation,5885881
Against the Ropes,5884190
Captain Fantastic,5879835
The Wandering Earth,5875487
Dirty Pretty Things,5864154
Basic Instinct 2,5851188
Pulling Strings,5842961
The Bling Ring,5831740
She Said,5816940
The Perfect Holiday,5812781
The Hunt,5812500
Feel the Noise,5805170
Before Sunset,5802923
All Saints,5802208
Arctic Dogs,5801249
Beginners,5790894
Suburbicon,5775178
Lucky You,5758950
My Hero Academia: Two Heroes,5754556
Closed Circuit,5750401
Victor Frankenstein,5747301
God's Not Dead: A Light in Darkness,5728940
Kin,5718096
The Clearing,5715977
Mongol: The Rise of Genghis Khan,5705761
RocknRolla,5700626
Who's Your Caddy?,5696111
The Man Who Invented Christmas,5676486
For Greater Glory: The True Story of Cristiada,5672673
U2 3D,5672381
The Warrior's Way,5666340
20th Century Women,5664764
Crazy/Beautiful,5662182
Danny Collins,5632631
Gloria Bell,5611123
Never Die Alone,5602750
Sultan,5599781
The Rules of Attraction,5591889
I Heard the Bells,5589629
Cesar Chavez2014 Re-release,5571497
Tiger Zinda Hai,5560921
For Your Consideration,5549923
The Wizard of Oz2013 3D/IMAX Release,5509334
A Scanner Darkly,5501616
Rescue Dawn,5484401
Memento,5452000
The Rhythm Section,5437971
Before the Devil Knows You're Dead,5433000
Orphan: First Kill,5415419
The Courier,5407337
Aqua Teen Hunger Force Colon Movie Film for Theaters,5394000
Woman Thou Art Loosed,5381000
Shine a Light,5371629
The Goldfinch,5332621
The Truth About Charlie,5320285
Won't Back Down,5310554
Chennai Express,5307960
The Skeleton Twins,5284309
Roadrunner: A Film About Anthony Bourdain,5242480
Slackers,5228678
Don't Let Go,5215062
Bandslam,5210988
Hunt for the Wilderpeople,5205468
Margin Call,5200426
Alone in the Dark,5178569
American Splendor,5174260
Formula 51,5168542
Spencer,5161629
Colette,5137622
Grind,5123696
Simmba,5102129
Jaws2022 Re-release,5090660
Bleed for This,5083906
Action Point,5059608
The Mustang,5043620
Beirut,5019226
Your Name.,5012406
Curse of the Golden Flower,5000742
Copshop,4982160
Gringo,4969853
The Sun Is also a Star,4950029
Club Dread,4949946
Biutiful,4938927
The Apparition,4936819
From Justin to Kelly,4896280
Hamlet 2,4886216
Dilwale,4871263
Extreme Ops,4842259
Hocus Pocus2020 Re-release,4828000
Kiss of the Dragon,4808789
Incarnate,4799774
90 Minutes in Heaven,4791548
In the Name of the King: A Dungeon Siege Tale,4774473
The Libertine,4773768
Samson,4719928
Hands of Stone,4712792
True Story,4708938
Suffragette,4702420
College,4694491
Absolutely Fabulous: The Movie,4678295
The Science of Sleep,4670644
Underclassman,4637763
In the Cut,4633953
House of Flying Daggers,4631170
Let's Go to Prison,4630045
Atlas Shrugged: Part I,4627028
Women Talking,4624856
The Big Year,4617084
"Lust, Caution",4604982
Lifemark,4597596
Thirteen,4592413
Cold War2018 Re-release,4580048
Away from Her,4571521
Snowpiercer,4563650
The Human Stain,4538922
Miss March,4536908
Pavarotti,4536843
Tolkien,4535154
Baahubali: The Beginning,4518000
Kickin' It Old Skool,4502604
Deception,4495843
The Lookout,4489000
The Last Black Man in San Francisco,4485709
Anonymous,4463292
Bright Star,4444637
Facing the Giants,4440000
The Railway Man,4438438
Beyond Borders,4430101
The Adventures of Pluto Nash,4420079
Separation,4412038
Dear White People,4404154
Menteur,4403322
The Company Men,4398135
Proof,4394000
The SpongeBob Movie: Sponge on the Run,4386827
Brian Banks,4376819
Spartan,4373418
Seven Days in Utopia,4367448
Solitary Man,4360548
To Rome With Love,4359790
Pinocchio,4353205
Gotti,4343227
The Wind Rises,4342709
Blindspotting,4333394
Much Ado About Nothing,4328849
Love in the Time of Cholera,4327000
The Biggest Little Farm,4324698
Bride & Prejudice,4305979
Bajirao Mastani,4300678
Flash of Genius,4295905
The Book of Henry,4288104
Johnny English Strikes Again,4285545
Ponniyin Selvan,4282000
"Jeff, Who Lives at Home",4269426
Ae Dil Hai Mushkil,4264983
Van Wilder 2: The Rise of Taj,4261351
Howl's Moving Castle,4260851
Linda Ronstadt: The Sound of My Voice,4252657
Glitter,4252378
Kiss Kiss Bang Bang,4243756
Greenberg,4234170
Infinity Pool,4231779
Vengeance,4223100
A Hologram for the King,4212494
Stronger,4211129
The Water Diviner,4196841
Boogie,4190865
Swiss Army Man,4186567
Uri: The Surgical Strike,4186168
All the Pretty Horses,4170567
Ya veremos,4165949
Witless Protection,4161625
Good Hair,4155122
Deuces Wild,4132000
Life Itself,4095431
The Hero,4077333
Denial,4073448
Mindhunters,4064000
The Broken Hearts Gallery,4050598
Replicas,4046429
Infidel,4044193
Catch a Fire,4034000
The Cursed,4028024
Crocodile Dundee in Los Angeles,4026849
I'm Not There,4017609
My Name Is Khan,4015569
Ladrón que roba a ladrón,4011254
Safety Not Guaranteed,4010957
Goon,3997729
P2,3995018
Bottle Shock,3986011
Zola,3974747
Spider-Man/Men in Black IIDouble Bill,3971552
Found a Treasure Called Love,3961221
Charlie Bartlett,3950984
Sleight,3930990
Young@Heart,3916335
Shame,3909483
The Assassination of Jesse James by the Coward Robert Ford,3909149
Hollywood Ending,3907105
Kabali,3903095
Birth,3886000
Morgan,3881462
Cyrano,3863263
Max Steel,3818664
The September Issue,3816761
A United Kingdom,3803698
Melinda and Melinda,3803268
Better Luck Tomorrow,3802395
The Amazing Maurice,3802019
Volver,3789530
Batman: The Killing Joke,3775000
The Cold Light of Day,3763583
Portrait of a Lady on Fire,3759854
Anomalisa,3759286
Friend Request,3759078
A Monster Calls,3740823
Midnight Special,3712282
The Aristocrats,3706903
Ben Is Back,3703184
Scouts Guide to the Zombie Apocalypse,3703046
Talk to Me,3684000
High Tension,3681066
Don 2,3680306
Gosnell: The Trial of America's Biggest Serial Killer,3679893
Sunshine,3669688
Mission Mangal,3659413
Rules Don't Apply,3652206
Burn the Stage: The Movie,3643903
A la mala,3629842
Stay,3624303
Girl with a Pearl Earring,3622039
Spare Parts,3618912
Their Finest,3603484
Phoenix Forgotten,3600146
Table 19,3600071
We Are Your Friends,3591417
Wish I Was Here,3591299
Left Behind: Rise of the Antichrist,3588153
Calvary,3586375
Ghostbusters30th Anniversary Release,3580343
Marlowe,3577628
The Real Cancun,3576900
The Runaways,3573673
Goal! The Dream Begins,3535535
The Brothers Bloom,3531756
Blood and Chocolate,3526588
Happy-Go-Lucky,3512016
Indivisible,3511418
BTS World Tour: Love Yourself in Seoul,3509917
Feast of Love,3508572
Miss Sloane,3500605
King's Ransom,3500000
An Inconvenient Sequel: Truth to Power,3496795
The Good Thief,3494009
What If,3493000
The To Do List,3491669
The Beach Bum,3487204
Triangle of Sadness,3485613
Disobedience,3480702
Heartbreakers,3467695
Til Death Do Us Part,3455267
First Reformed,3448256
"Juliet, Naked",3444895
Bill & Ted Face the Music,3437791
Mommy,3435307
Bad Samaritan,3435047
The Grand Seduction,3430018
Moonage Daydream,3418336
Laal Singh Chaddha,3402264
Indignation,3401155
Everybody Wants Some!!,3400278
Operation Fortune: Ruse de guerre,3398095
Like Crazy,3395391
Someone Like You,3387352
Nitro Circus: The Movie,3372424
Family Camp,3362931
Echo in the Canyon,3355266
Blindness,3351751
Emperor,3346265
The King's SpeechPG-13 Version,3344306
The Outfit,3343000
Harsh Times,3337931
Rize,3336391
Veronica Mars: The Movie,3322127
Stand Up Guys,3310031
Things We Lost in the Fire,3287315
Atlas Shrugged II: The Strike,3286337
Raees,3262954
October Baby2012 Re-release,3259179
Before I Go to Sleep,3242457
Catfish,3237343
Sing Street,3237118
The Mermaid,3232685
Aliens of the Deep,3230475
A Day Without a Mexican,3223432
2.0,3222000
The Jane Austen Book Club,3218171
Bully2012 Re-release,3215841
Anything Else,3212310
Water2006 Re-release,3209671
7 Days in Entebbe,3189220
Grizzly Man,3178403
Keeping Up with the Steins,3176722
Resurrecting the Champ,3172573
Enemy at the Gates,3164901
'83,3157346
The Fifth Estate,3154931
Our Kind of Traitor,3153157
Voyagers,3148177
The Girl Who Believes in Miracles,3146712
The Sisters Brothers,3143056
Sgt. Stubby: An American Hero,3140677
Birthday Girl,3136000
Rosewater,3128841
Compadres,3127773
Raiders of the Lost Ark2012 IMAX Release,3125613
Close Encounters of the Third Kind2017 Re-release,3100479
The Ultimate Gift,3098000
The Ex,3092904
Illegal Tender,3075065
Nowhere in Africa,3069090
Ladrones,3063505
The Guru,3051221
Jab Tak Hai Jaan,3047539
Last Ounce of Courage,3044114
From Prada to Nada,3033623
Colossal,3028006
Whitney,3026351
Impostor,3023000
Rock the Kasbah,3020664
Top Gun2013 3D Release,3018873
Honey Boy,3012616
Made for More,2999134
Miss Potter,2978905
My Boyfriend's Meds,2971116
The Empty Man,2965222
Anthropoid,2964845
Albert Nobbs,2964445
In a World...,2963902
Isn't She Great,2962465
Gracie,2956339
The Last Full Measure,2949212
Supercross,2941421
The Polar Express2006 IMAX Release,2940722
Pokémon 3 the Movie: Spell of the Unown,2931188
Ingrid Goes West,2925061
Choke,2905923
Pandas,2892597
Friends 25th: The One With The Anniversary,2884827
The Magdalene Sisters2003 Re-release,2880428
K.G.F: Chapter 2,2874000
Laurel Canyon,2873921
Saaho,2872057
The Other Side of the Door,2868200
God Bless the Broken Road,2857157
American Animals,2856739
Filly Brown,2850357
Letters to God,2848578
Thoroughbreds,2830775
The Identical,2827666
The Fluffy Movie: Unity Through Laughter,2827393
L'auberge espagnole2003 Re-release,2826604
La mujer de mi hermano,2808241
Barfi!,2804874
Green Room,2803545
Breaking,2800052
Youth,2789478
La boda de Valentina,2783739
The Diving Bell and the Butterfly,2782610
How to Lose Friends & Alienate People,2778242
Benji: Off the Leash!,2777387
Citizenfour,2754769
Amy,2733000
Kalank,2729336
The Good Lie,2722209
My Cousin Rachel,2716368
Chéri,2715657
Everything Must Go,2711643
The Pyramid,2709280
Downfall,2703400
The History Boys,2700004
The Lives of Others,2678000
Tod@s Caen,2670925
Bharath Ane Nenu,2663090
Everybody Knows,2660165
Chi-Raq,2653031
Dream Horse,2633200
Floyd Mayweather vs. Conor McGregor,2620183
The Card Counter,2609490
Girl in Progress,2609412
Qué León,2606285
Captivity,2598000
N-Secure,2595644
Gully Boy,2590048
He Named Me Malala,2587248
A Question of Faith,2587072
Captive,2583301
Land,2582885
Rachel Getting Married,2578718
After Dark's Horror Fest: 8 Films to Die For,2575000
Finding You,2572791
To Save a Life,2569955
The Worst Person in the World,2565416
Honk for Jesus. Save Your Soul.,2558150
Sooryavanshi,2557161
Dragon Ball Z: Battle of Gods,2553002
Kapoor & Sons,2545315
Disney's Newsies: The Broadway Musical!,2545060
Man on the Train,2541670
Ruby Sparks,2540106
Sin Nombre,2536665
IN OUR HANDS: Battle for Jerusalem,2534370
Do It Like An Hombre,2534252
Pig,2531369
Bucky Larson: Born to Be a Star,2529395
Here Today,2528413
You Were Never Really Here,2528078
Words on Bathroom Walls,2526280
Om Shanti Om,2520000
The Dreamers,2515202
Grace Unplugged,2507201
Studio 666,2505768
The Polar Express2007 IMAX Release,2483757
Suspiria,2483472
My One and Only,2479538
Kick,2472695
LBJ,2470979
Tulip Fever,2455635
The Sapphires,2450867
Kill the Messenger,2450846
Pawn Sacrifice,2436635
Freddy Got Fingered,2436530
The Homesman,2421732
Mistress America,2419443
Mary and the Witch's Flower,2418404
The Disappointments Room,2414078
The Art of Self-Defense,2410914
Arctic2019 Re-release,2409826
T2 Trainspotting,2402004
Hillsong: Let Hope Rise,2394386
I'm in Love with a Church Girl,2387730
Twilight/New MoonDouble Bill,2385237
Bring the Soul: The Movie,2383604
Dear Zindagi,2376479
Pieces of April,2376152
The Dancer Upstairs,2366864
"My People, My Country",2356683
Never Let Me Go,2342791
1991,2342264
"Summer of Soul (...Or, When the Revolution Could Not Be Televised)",2336588
Papillon,2335896
Trance,2322593
Bobby Jones: Stroke of Genius,2316418
Promare,2313565
A Aa,2313043
The Resurrection of Gavin Stone,2303792
Lamb,2303030
The Eyes of Tammy Faye,2294334
The Killing of a Sacred Deer,2291901
The Nightmare Before Christmas2020 Re-release,2286000
Mack & Rita,2283493
Collide,2280004
The East,2274649
Adam,2272688
Super 30,2269878
The Fall,2266905
Metallica Through the Never,2265876
Faustina: Love and Mercy,2243180
2 States,2238174
Rabbit Hole,2229058
Perfume: The Story of a Murderer,2223293
At Eternity's Gate,2220777
Jeepers Creepers III,2216011
The Cooler,2211949
You Kill Me,2204000
The Lovers,2194521
Oldboy,2193658
Ghajini,2192682
Ong-Bak: The Thai Warrior,2188011
Jem and the Holograms,2184640
Anchorman 2: The Legend ContinuesR-Rated Extended Cut,2184339
Gone with the Wind2019 Re-release,2176120
Total Dhamaal,2167632
The Patriarch,2156047
"Paris, je t'aime",2153563
Paterson,2152738
Words and Pictures,2145446
Brad's Status,2133158
Gloria,2122626
Half Brothers,2119650
Intimate Strangers,2110589
Housefull 4,2109160
DysFunktional Family,2100964
Umma,2093961
Bang Bang,2089176
I'm Not Ashamed,2082980
The Wizard of Oz2019 Re-release,2076020
Spectacle,2065487
The Fall of the American Empire,2059945
Singh Is King,2043398
We Don't Live Here Anymore,2041014
Redbelt,2040000
I Love You Phillip Morris,2037459
E.T. the Extra-Terrestrial2022 Re-release,2027150
Is Anybody There?,2026756
The Immigrant,2025328
Puccini: Tosca,2023749
Luce,2010613
Good Time,2009484
Crimes of the Future,2007927
Assassination Nation,2005142
Chhichhore,2004400
Desierto,2002036
The Front Runner,2000105
Greater,2000093
Coffee and Cigarettes,1999009
The Lord of the Rings: The Two Towers2003 Re-release,1996832
Mostly Martha,1995570
Oliver Twist,1987287
Gigi & Nate,1985481
Detective Chinatown 2,1983984
Demolition,1978592
Alien2003 Director's Cut,1978116
G,1974229
Margot at the Wedding,1959420
Cake,1951776
Badrinath Ki Dulhania,1934699
Ek Tha Tiger,1918920
Shin Godzilla,1918403
Everybody Loves Somebody,1915789
Old Fashioned,1914090
A Bigger Splash,1904855
A Sound of Thunder,1897575
Game of Thrones Season 4 Finale,1896092
Pope Francis: A Man of His Word,1895050
The Mighty Macs,1891936
Mr. Malcolm's List,1891215
Verdi: La Traviata,1882931
Racetime,1875283
My Old Lady,1874424
Legend,1872994
Badla,1861000
Radhe Shyam,1860000
Armageddon Time,1853050
Then She Found Me,1852185
Patterns of Evidence: Exodus,1851152
The Personal History of David Copperfield,1850345
Harrison's Flowers,1844610
Henry Poole Is Here,1836515
Bodyguard,1834384
Crooked Arrows,1832541
Toilet: A Love Story,1830715
Neil Young: Heart of Gold,1828069
Stone,1810078
Queen Bees,1809633
3 from Hell,1809226
The Secret Lives of Dentists,1806745
The Other Side of Heaven 2: Fire of Faith,1806140
Talaash,1804287
The Wall,1803064
Piku,1801807
M.S. Dhoni: The Untold Story,1801550
Free Fire,1799312
Is Genesis History?,1796182
Trailer Park Boys: The Movie,1793000
My All-American,1793000
Somewhere,1785645
Son of Rambow,1785505
Elf2020 Re-release,1785000
The Vatican Tapes,1784763
The Last Word,1783421
The Door in the Floor,1774340
Vikram,1770000
The Wretched,1768107
Puccini: La Bohème,1764201
Step Into Liquid,1763440
A Better Life,1759252
Flipped,1755212
The Good House,1747055
Luther,1744000
Show Me the Father,1743003
Find a Boyfriend for My Wife... PLEASE!,1741889
Emily the Criminal,1738780
Billy Lynn's Long Halftime Walk,1738477
A Hidden Life,1730597
Harry  Potter IMAX Marathon,1729226
Grandma,1728891
The Lodge,1724781
Profile,1720880
Everything Is Illuminated,1712337
"To Joey, with Love",1709073
The Polar Express2008 IMAX Release,1705694
Stoker,1703125
Menashe,1703036
Unfinished Song,1702668
Clifford's Really Big Movie,1700976
Goodbye Christopher Robin,1699638
State Property: Blood on the Streets,1691706
Race 3,1690861
Fan,1689879
Slamma Jamma,1687000
City of God,1686715
Mambo Italiano2003 Re-release,1683000
Winnie the Pooh: Blood and Honey,1676883
Full Frontal,1676459
Pad Man,1670192
When Harry Met Sejal,1664648
Factory Girl,1661464
Back To The Future DayTriple Bill,1650000
Marci X,1648818
The Letters,1647416
Battle for Terra,1647083
Art School Confidential,1646000
Kites,1643486
Waves,1639700
A Private War,1633208
The Beatles: Eight Days a Week - The Touring Years,1624120
The Aftermath,1618497
Singin' in the Rain2012 Re-release,1608925
Verdi: Aida,1595902
The Chosen Season 3 Finale,1588362
Neerja,1585687
Professor Marston & the Wonder Women,1584759
Home Run,1582000
Infamous,1580478
Race 2,1579940
The Stray,1579440
"New York, I Love You",1578715
Infinite Storm,1572790
Red Joan,1564808
A Late Quartet,1562548
Maria Full of Grace,1560000
The Rental,1558996
Persecuted,1558836
Jolly LLB 2,1554222
BloodRayne,1550000
A Ghost Story,1546766
Year of the Dog,1540141
Destroyer,1533324
Delhi Belly,1532594
Trust the Man,1529687
Kon-Tiki,1517410
Jane Got a Gun,1513793
The Dark Knight2012 Re-release,1513086
Running the Bases,1509586
Batman Begins2012 Re-release,1508658
Politics,1503052
Priceless,1499605
Wild Rose,1496263
Y cómo es él?,1492935
Mully,1489771
Exit Wounds,1488525
The King's Daughter,1485801
The Kashmir Files,1485000
Night Watch2005 Re-release,1478253
The Joneses,1475746
Star Wars: Episode V - The Empire Strikes Back2020 Re-release,1467000
The Many Saints of Newark,1458903
2000 Mules,1458596
Paradise Now,1457843
Nowhere Boy,1457248
Thugs of Hindostan,1449848
I,1449232
Blade RunnerThe Final Cut (2007 re-release),1448229
Genesis: Paradise Lost,1443926
"Don't Worry, He Won't Get Far on Foot",1441705
It's a Wonderful Life75th Anniversary,1439643
Rab Ne Bana Di Jodi,1431843
Twins 2,1431255
I Hope They Serve Beer in Hell,1429299
The Art of Getting By,1427954
Princess Mononoke2018 Re-release,1423877
Northfork,1419978
Finding Your Feet,1418682
Fed Up,1412871
The Wedding Plan,1412404
The Lord of the Rings: The Fellowship of the Ring2003 Extended Edition,1412195
Saving Private Perez,1400726
El Chicano,1400603
The Godfather2022  Re-release,1383434
X Games 3D: The Movie,1381748
Girl Most Likely,1378591
Evelyn,1377031
Spider,1367067
Rogue One: A Star Wars Story2022 Re-release,1362414
The Devil's Double,1361512
Genius,1361045
Gimme Shelter,1359910
The Wandering Earth II,1355000
Veronica Guerin,1354476
Town & Country,1352778
The Cokeville Miracle,1348456
One Night at McCool's,1344093
102 Not Out,1343797
Snow Flower and the Secret Fan,1343069
Spoiler Alert,1341127
Wonder Wheel,1339954
"It's Not You, It's Me",1339911
The Little Prince,1339152
That Time I Got Reincarnated as a Slime the Movie: Scarlet Bond,1338491
The Neon Demon,1333124
The Abandoned,1332000
Nicholas Nickleby,1328242
The Ultimate Life,1327841
The Dinner,1323312
Spirited Away2019 Re-release,1322927
Baaghi 2,1319579
The Lion King2002 IMAX Release,1318742
Happy Endings,1315701
The Kings of Summer,1315590
The Good German,1308696
The Forsaken,1305352
The Way2010 Re-release,1304364
Mozart: Così fan tutte,1302949
Dhoom 2,1298476
Another Earth,1297710
Funny Games,1294919
Pilgrim's Progress,1294596
The Brothers,1294117
Scoundrel,1291828
No Safe Spaces,1291202
2001: A Space Odyssey2018 Re-release,1283820
The Sense of an Ending,1274421
Paper Heart,1274062
Asterix: The Secret of the Magic Potion,1271953
'71,1270847
Mohenjo Daro,1264339
Chonda Pierce: Enough,1260116
McQueen,1257275
Bharat,1252300
"For a Good Time, Call...",1251749
3 idiotas,1249233
Massenet: Cendrillon,1243306
While We're Young,1241876
Girl Rising,1241601
Enron: The Smartest Guys in the Room,1240593
Slow Burn,1237615
Scott Pilgrim vs. the World10th Anniversary (2021 Re-release),1236775
Stories We Tell,1235285
True to the Game,1231040
Steve McQueen: American Icon,1229782
Fear,1227702
BTS World Tour 'Love Yourself: Speak Yourself' (The Final) Seoul Live Viewing,1226552
High Life,1225852
Child 44,1224330
The Man Who Knew Infinity,1218646
The Wedding Weekend,1215045
Grease2018 Re-release,1213413
Beautifully Broken,1208925
Woman Thou Art Loosed: On the 7th Day,1206683
C'mon C'mon,1205693
An Interview with God,1201434
Beyond the Mask,1200220
Saint-Saëns: Samson et Dalila,1195758
F3: Fun and Frustration,1195000
Me and Orson Welles,1190003
Repentance,1189612
Kingdom Men Rising,1188936
Kill the Irishman,1188194
Los Domirriqueños 2,1187280
The Tailor of Panama,1187212
Dylan Dog: Dead of Night,1186538
Ek Ladki Ko Dekha Toh Aisa Laga,1182636
Vikram Vedha,1178041
The Music of Strangers: Yo-Yo Ma and the Silk Road Ensemble,1176781
Empire of Light,1176209
Spirited Away2018 Re-release,1175067
Black Sea,1171559
Verdi: Luisa Miller,1166858
The Lords of Salem,1165882
Bee Season,1164349
Miss You Already,1162653
Romeo and Juliet,1162635
The Final Season,1159691
Lean on Pete,1159148
Where Hope Grows,1156000
Casablanca2011 Re-release,1155330
Ek Main Aur Ekk Tu,1154063
"DCI 2019: Big, Loud & Live 16",1149380
2 Hearts,1147648
My Neighbor Totoro2018 Re-release,1144649
Joe Bell,1141947
Western Stars,1141681
Osama,1140570
Goodnight Mommy,1140148
Konosuba!: God's Blessing on This Wonderful World! - Legend of Crimson,1134786
Lady Macbeth,1129408
Hector and the Search for Happiness,1124445
Wazir,1124045
Kai Po Che,1122527
Spirited Away2017 Re-release,1119679
Papa Hemingway in Cuba,1115615
Donizetti: L'Elisir d'Amore,1115018
Playmobil: The Movie,1115008
Macbeth,1110707
The U.S. vs. John Lennon,1109146
My Neighbor Totoro2019 Re-release,1105564
Silk,1103074
The Heart Specialist,1103037
The Insanity of God,1102525
Moses,1099596
Watcher,1096967
The Assistant,1096254
The Squid and the Whale,1090000
Step,1081116
"Bless Me, Ultima",1076736
Tees Maar Khan,1076443
Sword Art Online The Movie: Ordinal Scale,1075833
Merci pour tout,1073969
Together with You,1073392
Undiscovered,1069318
The Machinist,1068146
Me and You and Everyone We Know,1068000
Peaceful WarriorLimited Domestic Release,1066748
The Oogieloves in the Big Balloon Adventure,1065907
Thanks for Sharing,1065881
The Triplets of Belleville,1065227
Caramel,1055580
Elvis & Nixon,1055284
Three Burials,1053000
Titane,1050157
Haider,1048143
The Remaining,1047220
Princess Mononoke2019 Re-release,1046446
Leonard Cohen: I'm Your Man,1044254
Buried,1044143
Skinamarink,1042916
The Last Shift,1042820
Relic,1042492
Wonderstruck,1041970
The Dark Crystal2018 Re-release,1036956
The Souvenir,1036737
Zero,1035388
Rossini: Semiramide,1033651
Jug Jugg Jeeyo,1033000
A Home at the End of the World,1029872
Before the Rains,1029655
Bennett's War,1025991
Love and Monsters,1025377
Hard Candy,1024640
Casablanca2017 Re-release,1024560
Attack the Block,1024175
Puccini: La Fanciulla del West,1023233
5 Flights Up,1020921
50 to 1,1019363
Guzaarish,1017335
Coldplay: Music of the Spheres: Live Broadcast from Buenos Aires,1015000
Perfect Strangers,1014507
Stalingrad,1013945
Hotchpotch Again,1013893
Marianne & Leonard: Words of Love,1012034
Jay and Silent Bob Reboot,1011305
Elvis: The Comeback Special,1010657
The Grace Card,1010000
Yu-Gi-Oh!: The Dark Side of Dimensions,1009582
Big Stone Gap,1009301
Kiki's Delivery Service2019 Re-release,1004057
From Up on Poppy Hill,1002895
Friendship,999033
Fast Food Nation,994101
Talk to Her2002 Re-release,993833
Tomcats,993608
Labyrinth2018 Re-release,993336
Maybe I Do,992152
The Contractor,990715
Little Italy,990230
Cassandra's Dream,973018
Jesus Is King,973000
Assassination Tango,972521
Becky,971444
The Beaver,970816
Clerks III,968053
Last Flag Flying,965481
The Jesus Music,963684
The Nightmare Before Christmas2009 3D Release,962377
Diary of the Dead,958961
The Dawn Wall2018 Re-release,952529
The Fighting Preacher,951150
More Than a Game,950675
Shattered Glass,947718
The Beatles: Get Back - The Rooftop Concert,944024
American Teen,942441
Ghost in the Shell 2: Innocence,941344
Neruda,939101
Emily,935360
Faith of Our Fathers,930671
Breaking and Entering,930469
Tubelight,930058
White Christmas2018 Re-release,928298
Made in China,921738
Kirk Cameron: Connect,918127
Broker,913137
The Wizard of Oz2009 NCM Fathom Event,910000
Wildlife,907113
Minari,905634
Veer-Zaara,903000
Kedarnath,901131
The Brothers Solomon,900926
Kinky Boots the Musical,900451
Separate Lies,897206
September Dawn,893000
Any Body Can Dance 2,891472
Aftersun,890384
Believe,890303
Nomadland,890000
Mafia Inc,889858
Looking for Comedy in the Muslim World,888975
District B13,886000
Speak Bachchan,885925
My Love,885574
Princess Kaiulani,883887
Gentleman,881537
Journey to the West: The Demons Strike Back,880346
Delhi-6,879913
The Hunting Party,876769
The Polar Express2017 IMAX Release,875150
Control,872252
Goodbye Solo,870781
Darker Than Night,870063
My Blueberry Nights,867275
In the Earth,867159
Howl's Moving Castle2019 Re-release,865647
Ladies in Lavender,865004
Meet the Patels,864572
All My Life,862763
Detective Jagga,861740
Strangers with Candy,860000
Kirk Cameron's Saving Christmas,859246
Nicotina,859234
The Work and the Glory II: American Zion,858163
Thr3e,858000
Song of the Sea,857522
The Cove,856985
Steel Magnolias2019 Re-release,855421
Skinwalkers,854000
El vacilón: The Movie,850624
Nico Muhly: Marnie,849710
I Hate Luv Storys,847993
Chocolat,846416
Find Me Guilty,844000
Tea With the Dames,843168
Johnny Cash: The Redemption of an American Icon,840580
BANDSTAND: The Broadway Musical on Screen,839554
Alien2019 Re-release,833658
Arctic Tale,833532
Schindler's List2018 Re-release,833050
Acharya,832000
Après Vous,830292
Raising Victor Vargas,826770
Premam,826352
Close,824753
Sarileru Neekevvaru,821000
Martha Marcy May Marlene,820993
The Lord of the Rings: The Return of the King2011 Re-release,818580
Like Arrows,817990
Saw10th Anniversary Release,815324
Mirai,812794
I.O.U.S.A.,812791
Fire of Love,811685
Medieval,810000
The Boys Are Back,809752
Don,805000
Let the Sunshine In,802778
The Tillman Story,802535
Just Visiting,800270
The Proposition,793873
Call Me by Your Name,791930
Met Opera: The Hours,791374
Made in India,790628
One Piece: Stampede,789506
Pokémon the Movie: The Power of Us,789170
Chonda Pierce: Unashamed,787979
Patti Cake$,785063
George Takei's Allegiance,784850
The Barbarian Invasions,784000
Little Children,784000
The Meddler2016 Re-release,782883
Student of the Year 2,778566
Honeyland,778392
Shortcut,778305
Rowdy Rathore,777373
Climax,776779
Layer Cake,769864
Personal Velocity,769679
Pariah,769552
The Lord of the Rings: The Fellowship of the Ring2011 Re-release,768580
The Devil Conspiracy,765820
Patterns of Evidence: Moses Controversy,765361
An Egg Rescue,765164
The Lord of the Rings: The Two Towers2011 Re-release,764607
Mubarakan,758868
Peepli [Live],757951
Coriolanus,757195
Border,755755
I Love Lucy: A Colorized Celebration,754323
Alone Yet Not Alone,754305
First Descent,750805
The Party,749827
Kurbaan,747473
99 Homes,746734
On Chesil Beach,745971
Saturday's Warrior,743980
Ask the Dust,743847
Lamb of God: The Concert Film,740039
The Game Changers,739711
The Revolution Has Begun,738525
And Now Ladies & Gentlemen,736812
Irreversible,735855
True to the Game 3,735854
After We Collided,735002
Middle Men,733447
Once I Was a Beehive,732655
Fade to Black,728802
The Mauritanian,727109
Toy Story2020 Re-release,727000
"Monsters, Inc.2020 Re-release",726000
Yves Saint Laurent,723593
Baaghi 3,721439
Wake Up Sid,718766
Revive Us 2,718607
Rocket Science,714943
The Little Stranger,713143
Blue Bayou,711175
Khoobsurat,710508
Raavan,708726
Canelo Alvarez vs. Gennady Golovkin II,707875
Vanguard,707830
The 11th Hour,707343
Holiday: A Soldier is Never Off Duty,706893
Monster Hunt 2,706153
The Santa Clause2020 Re-release,706000
The Exception,705963
"Men, Women & Children",705908
Possessor Uncut,703577
Countdown to Canelo vs. Golovkin,703396
Official Secrets,699446
Patterns of Evidence: The Red Sea Miracle,696191
Frankie & Alice2014 Re-release,695876
Blaze,695759
Jim Henson's Holiday Special with Fraggle Rock and Emmet Otter,695130
Delgo,694782
Chris Brown: Welcome To My Life,693984
The Polar Express2011 IMAX Release,691997
Titanic2017 Re-release,691642
Four Good Days,690846
Pootie Tang,690104
Fanboys,688529
The Caveman's Valentine,687194
Witnesses,686951
Mr. Church,685750
The Salton Sea,683893
Inside Deep Throat,683852
The Tale of The Princess Kaguya,682630
Vox Lux,681795
Shameless,679866
The Wolf and the Lion,679000
The King of Kong: A Fistful of Quarters,677914
Non-Fiction,676517
The Perfect Game,674609
The Trump Prophecy,671198
Imagine Me & You,669130
Elephant,666320
Beer for My Horses,666044
Echelon Conspiracy,665900
Walk With Me,665642
True to the Game 2,662867
American Honey,662786
The Secret of Kells,662192
Dragon Ball Z: Broly - The Legendary Super Saiyan,658982
The Concert,657986
Petite Maman,654227
Ponyo2018 Re-release,653072
After Dark's Horrorfest 2,653000
The Sky Is Pink,652592
Wilson,651219
Reservation,651096
El Jeremías,650465
Bhaag Milkha Bhaag,647112
Hasee Toh Phasee,646035
Pokémon the Movie: I Choose You!,645768
Saint Michael Meet the Angel,643828
Lizzie,642157
The Catcher Was a Spy,641681
We Are Family,638144
The Stoning of Soraya M.,637418
The Polar Express2012 IMAX Release,635470
Jonah: The Musical,631154
"The Prize Winner of Defiance, Ohio",627844
The Only Living Boy in New York,624332
Journey from the Fall,623544
Dirty Dancing2019 Re-release,622968
Ante Sundharaniki,621000
Embrace: The Documentary,620255
The Transformers,619597
Wolf Warrior 2,617175
The Sound of Music2018 Re-release,616171
Churchill,615252
National Lampoon's Christmas Vacation2020 Re-release,615000
Together Together,614532
The Mean One,612615
Sarah Landon and the Paranormal Hour,611000
Not Fade Away,610792
The Muppet Movie2019 Re-release,610475
The White Storm 2: Drug Lords,609461
Red Rocket,606949
Wrath/The Walking Dead/What's Your Story?/Fear the Walking Dead2018 NCM Fathom Event,605764
Chhapaak,604334
Mean Creek,603951
Wild West Comedy Show: 30 Days & 30 Nights - Hollywood to the Heartland,603894
Shin Ultraman,601490
The Signal,600896
The Grateful Dead Meet-Up 2018,600554
HIT: The 2nd Case,600000
Beauty and the Beast2000 IMAX Release,599231
Heroine,598668
Swept Away,598645
Cowboy Bebop: The Movie,598514
Our Friend,597374
Schultze Gets the Blues,595071
Blue Like Jazz,592960
To Kill a Mockingbird2019 Re-release,592237
Gangubai Kathiawadi,592000
Joni 75: A Birthday Celebration,591599
The Alpinist,588841
Bethany Hamilton: Unstoppable,587776
The Disappearance of Eleanor Rigby: Them,587774
Cuando Sea Joven,584519
Vera Drake,584000
Gleason,583664
Salinger,583633
W.E.,583455
Panga,582720
The Big Lebowski2018 Re-release,582585
Brick,578000
Mumbai Diaries,576639
House,575048
The Polar Express2010 IMAX Release,573843
The Public,573503
Freeheld,573335
A Tale of Love and Darkness,572212
Tommy's Honour,569306
The Future,567034
Cosmopolis,566903
The Maid,566393
The Cat Returns2018 Re-release,563718
Take a Shot,563479
Undefeated,562218
When Marnie Was There,561086
My Fair Lady2019 Re-release,560711
Tom and Jerry,560030
A Little Chaos,558173
Forrest Gump2014 IMAX Release,557683
Bitter Harvest,557241
Monster's Ball,556489
Of an Age,556065
Samaritan's Purse presents Facing Darkness,555533
Reprise,554826
The Girl Who Played with Fire,554000
Love Me If You Dare,553504
The Room2017 Re-release,549602
Fiddler: A Miracle of Miracles,549386
From Mexico with Love,548695
Remember,547009
After Ever Happy,545941
Anna and the Apocalypse,545597
The Last Vermeer,544924
American Pastoral,544098
Double Dhamaal,543646
Poolhall Junkies,543100
Guardians of the Galaxy2020 Re-release,542000
Jack Goes Boating,541992
Dragon Ball Z: Bardock - The Father of Goku/Dragon Ball Z: Fusion Reborn,540707
Nobel Son,540382
Being Flynn,540152
A Brother's Love,539524
"Confess, Fletch",538874
Machine Gun Preacher,538690
By the Sea,538460
Followed,538179
The Addams Family2020 Re-release,536972
Pick of the Litter,534122
The Sparks Brothers,533265
The Virginity Hit,533128
Noah's Arc: Jumping the Broom,532874
Highway,529136
Obsession,528799
The Shipping News,528151
Kajillionaire,527465
Fireworks,525280
Long Weekend,525252
Castle in the Sky2018 Re-release,523664
Code Geass: Lelouch of the Re;Surrection2019 Re-release,522805
Welcome to Me,522736
Wild Nights with Emily,519487
Fairy Tail: Dragon Cry,519461
Madison,517262
Grave of the Fireflies,516962
The Sandlot2018 Re-release,516130
Finding Fanny,515393
Raw,514870
The Polar Express2009 IMAX Release,514354
The Big Ugly,514107
The Ten Commandments,514000
The One I Love,513447
Bullitt2018 Re-release,511350
Die Hard30th Anniversary Release,510241
Tracks,510007
Dom Hemingway,509530
Saving Private Ryan2019 Re-release,508694
On Any Sunday: The Next Chapter,507324
The Quintessential Quintuplets Movie,502000
Birds of Passage,501366
Monsters and Men,500101
Scatter My Ashes at Bergdorf's,498491
Whisper of the Heart2019 Re-release,498156
Detective Byomkesh Bakshy!,496864
Spell,496264
Nausicaä of the Valley of the Wind2019 Re-release,495770
The Inevitable Defeat of Mister & Pete,494608
Breathe,493183
The Polar Express2020 Re-release,492000
Bilal: A New Breed of Hero2018 Re-release,490973
The Boy and the Beast,490643
Phantom,489984
Joshua,482355
Lawrence of Arabia2019 Re-release,482281
DOA: Dead or Alive,480813
The Lost Medallion: The Adventures of Billy Stone,480226
Brotherly Love,478595
Tel Aviv on Fire,474565
Alex Rider: Operation Stormbreaker,474304
Beach Rats,473771
Jathi Ratnalu,470000
The Salesman,468957
DCI 2017 Tour Premeire,467817
Submarine,467602
Phillauri,467596
The Forgotten Carols,466613
The Legend of Johnny Lingo,466512
National Champions,464623
Puffs: Filmed Live Off Broadway,464483
Range 15,463397
Ava,462218
Panipat,461863
Christmas Jars,459462
South Pacific2018 Re-release,458000
The Children Act,457803
Thank You,455751
Crossing Over,455654
Guadalupe,455000
The Young Black Stallion,454416
For the Love of Money,453555
Only Yesterday2016 Re-release,453243
Howl's Moving Castle2022 Re-release,449564
Attack on Titan Part 1,449523
A Dirty Shame,449000
The Work and the Glory,448326
World War Z2021 Re-release,448000
Condorito: The Movie,447719
Circumstance,446740
Leap!,446502
Perfect Bl7 Re-release,446062
The Way Home,445267
Cruel Intentions2019 Re-release,445218
The Kid Stays in the Picture,445161
In Secret,444179
Porco Rosso2018 Re-release,443059
Teen Spirit,441366
No One Killed Jessica,440525
Baaghi,438207
Operation Red Sea,436059
Seberg,434702
The Holy Land,434399
DCI 2018 Tour Premeire,434008
I Want Your Money,433588
Shaandaar,433541
The Second Chance,432253
Brian and Charles,429100
Break Ke Baad,427628
The Limits of Control,426688
De De Pyaar De,425934
Killing Sarai,425332
One Piece Film: Gold,423593
Idiocracy,423482
Ben-Hur2019 Re-release,422622
Lassie,421459
Fate/stay night [Heaven's Feel] II. lost butterfly,420595
The Cold Blue,420177
The D Train,420000
Voiceless,419952
Frankenstein2018 Re-release,417783
Cirque du Soleil in Cinema: KURIOS - Cabinet of Curiosities,413039
A Gentleman,410055
Selena2022  Re-release,408898
The Reliant,408747
The Promotion,408709
Sound of My Voice,408015
Project Nim,407890
"Love, Kennedy",407871
The Invisibles,407373
"The Night Is Short, Walk on Girl",406490
Monos,406473
The Square2010 Re-release,406116
Call Jane,405967
Corsage,405876
The Philadelphia Story2018 Re-release,404524
Steamboy,403602
Meet Me in St. Louis75th Anniversary,403521
Mere Brother Ki Dulhan,403017
Gold Diggers,403000
Snow Angels,402858
The Oath,401463
Tulsa,401284
The World's Fastest Indian,401000
We the Animals,400961
"Hello, Dolly!",400881
Mandy,400683
Day Watch2007 Re-release,400372
Freetown,400086
Black Book,399715
Mia and the White Lion,399471
Preaching to the Choir,399000
West Side Story2018 Re-release,398670
Space Mutiny,397887
Transylmania,397641
Krull2018 Re-release,397157
Everybody's Everything,396671
Vertigo2018 Re-release,394212
The Last Shot,392068
Soorma,390077
The Father,390000
Seeking Justice,389275
House of D,388532
The Hunting Ground,386823
Turtle: The Incredible Journey,386073
Where in the World Is Osama Bin Laden?,384955
Samurai Cop,384756
The Secret World of Arrietty2019 Re-release,384289
The Shape of Things,384246
Little Manhattan,383557
What We Left Behind: Star Trek DS9,382457
Stage Beauty,382169
Jane and Emma,380030
The Bride of Humpty Sharma,380011
Introducing the Dwights,379408
I'll Push You: A Real-Life Inspiration,378899
Shut Up and Play the Hits,378751
Smoke Signal,377334
Piranha 3DD,376512
Management,376000
Asylum,375403
Tsotsi,375000
Matthias & Maxime,374739
Jurassic Park2018 Re-release,374238
Miral,373420
Joe,373375
24 Hour Party People,373064
Ashfall,372562
Pom Poko2018 Re-release,372405
Towelhead,372124
The Wedding Guest,371877
Ghostbusters2019 Re-release,369612
Katti Batti,364932
Clemency,364716
BOSTON: An American Running Story,364369
Buddy Games,363498
I'll Sleep When I'm Dead,360759
The Shawshank Redemption2019 Re-release,358507
Enduring Love,356950
Luck by Chance,356019
Copying Beethoven,355968
OK Jaanu,355922
The Tomorrow Man,354103
Branded,353513
Evangelion: 3.0+1.01 Thrice Upon a Time,352854
Vivo,351494
Dil Bole Hadippa!,351457
Everybody Wants to Be Italian,351416
Jeepers Creepers: Reborn,351299
The Nightingale,351065
Singham,350864
Chico & Rita,350524
All the Beauty and the Bloodshed,350003
Kinky Boots,350000
Teeth,347578
Spun,347408
Star Trek: The Motion Picture2019 Re-release,346243
The Last Sin Eater,346000
Photograph,344534
The United States of Leland,343859
Countdown to Canelo vs. Chavez Jr.,343387
Lawrence of Arabia2002 Re-release,342481
Gori Tere Pyaar Mein!,342184
Yellow Rose,341330
Jimi: All Is by My Side,340911
Kahlil Gibran's The Prophet,340540
Starbuck,340058
Top Gun2021 Re-release,338091
The R.M.,337851
Silver City,337000
Welcome to Collinwood,336771
I Origins,336472
The Singing Detective,336456
Diane,336166
Sailor Moon R: The Movie: The Promise of the Rose/Sailor Moon S: The Movie - Hearts in IceDouble Bill,335697
Diana,335359
Russ Taff: I Still Believe,334983
Three,334406
The Emperor's New Groove2021 Re-release,334000
A Silent Voice: The Movie2019 Re-release,333984
Shine,333388
Ride Your Wave,332432
Maps to the Stars,331540
City of Ghosts,331478
The Eight Hundred,331279
Courageous10th Anniversary Re-release,330501
Hichki,330279
IBF Welterweight Title: Errol Spence Jr. vs. Mikey Garcia,328979
Winged Migration2003 Re-release,328756
Flower,328188
Kaashmora,327929
Ordinary Love,327852
Dunkirk2017 Re-release,327615
The Kid Detective,327013
P Storm,326711
National Theatre Live: Fleabag,326283
Camp,325290
The Bolshoi Ballet: Live From Moscow - The Nutcracker,323928
Official Competition,323918
Selfiee,321652
Days of Glory,320700
The Opera House,320079
Waltair Veerayya,320000
Lucy in the Sky,319976
Winter Solstice,319355
You Are Here: A Come From Away Story,318885
Thirst,318574
Not Today,318121
The Riot and the Dance,316103
The Cure: Anniversary 1978-2018 Live in Hyde Park,315883
The Man Who Killed Don Quixote,314868
The Bolshoi Ballet: Live From Moscow - Romeo and Juliet,313088
The Hornet's Nest,312706
The Breadwinner,312381
Bolshoi Ballet: The Sleeping Beauty,311368
Alice,310715
A Cat in Paris,309973
Final Account,308941
My Life as a Zucchini,308835
She Dies Tomorrow,308741
Train to Busan,308114
Aline,307900
MET Opera: Magic Flute,307686
DanTDM Presents The Contest,307484
Attack on Titan Part 2,305934
Grease2010 Sing-a-long,305260
Deontay Wilder vs. Tyson Fury,304482
In the Land of Blood and Honey,303877
K-12,303230
The Man Without a Past,303094
Bolshoi Ballet: The Nutcracker,302935
The Hummingbird Project,302747
The Bolshoi Ballet: Live From Moscow - Giselle,302681
Linsanity,302645
Tetro,301151
London Dreams,300293
The Informers,300000
Sunset Blvd.2018 Re-release,299645
Flag Day,298445
Ittefaq,298032
Waterman,297898
Christine,297280
Dutch,296891
Save Yourselves!,295660
April and the Extraordinary World,295488
Sword of Trust,294959
The Giant Spider Invasion,292963
The Godfather: Part II45th Anniversary,291754
The Man in 3B,291513
Die Hard2020 Re-release,291000
Shortbus,291000
More Than Funny,290498
Luck-Key,290363
The Bravest,290217
Mystify: Michael Hutchence,289573
Crisis,288724
I Am David,288552
Saga of Tanya the Evil - The Movie,288460
Something from Nothing: The Art of Rap,288312
India Sweets and Spices,287943
The Inspection,287833
Andy Irons: Kissed by God,285933
Elsa & Fred,285863
God's Country,282929
Disney's Newsies: The Broadway Musical!2018 Re-release,282429
The Battle of Shaker Heights,281845
That Evening Sun,281350
Luka Chuppi,281064
The Whistleblower,280851
Octaman,280710
Pearl Jam Twenty,280343
Montana Story,279530
Bully,279202
The Phantom of the Open,279000
I Want to Eat Your Pancreas,277019
True Grit2019 Re-release,276418
Kings,274635
Timbuktu,274305
The Tale of The Princess Kaguya2019 Re-release,271681
Is It Wrong to Try to Pick Up Girls in a Dungeon - Arrow of the Orion,271489
Night of the Living Dead 3D,271000
Himmatwala,270880
Seven Sins Forgiven,270207
Kingsglaive: Final Fantasy XV,269980
The Passion of the ChristRecut Release,269800
"Lucía, Lucía",269586
Ip Man 3,268267
An American in Paris2020 Re-release,267824
The Lucky Ones,266967
Fanaa,266871
Munger Road,266689
The Forgiven,265902
A Love Song,265774
Luzia: Cirque du Soleil in Cinema,265673
Life of Crime,265452
Out of Liberty,265279
Tanu Weds Manu Returns,265275
You Won't Be Alone,265010
Standing Ovation,265000
Doctor Who,264629
Ernest & Celestine,262075
Long Strange Trip - The Untold Story of The Grateful Dead,261572
Ghost in the Shell2021 4K Remaster,261385
The Grinch2020 Re-release,261000
Eating You Alive,260534
Star Raiders: The Adventures of Saber Raine,260234
What They Had,260065
Pokémon Heroes,260000
The Notorious Bettie Page,260000
Mobile Suit Gundam Narrative,259224
I'm Your Man,258708
Across the Universe2018 Re-release,258618
Paul's Promise,258545
Big2018 Re-release,258507
The Music Never Stopped,258222
What's Your Zodiac Sign?,257868
The Reckoning,257252
How the Grinch Stole Christmas2020 Re-release,256000
New Order,255901
"Life, Animated",255388
Truth,255000
Dean,254536
Consecration,253091
London Fields,252676
Lola Versus,252603
Broken Bridges,252539
Best F(r)iends: Volume 1,252410
When Harry Met Sally...30th Anniversary,252320
Canal Street,251917
Minimalism: A Documentary About the Important Things,251737
Highwaymen,251061
Spread,250618
Ghostbusters2021 Re-release,249700
The Safety of Objects,249233
Junglee,248695
The Twilight Zone: A 60th Anniversary Celebration,248514
Black Butler: Book of the Atlantic,248286
The End of Time: Part One,247798
Dominion,246708
Inu-oh,246183
Friendsgiving Day #1,246168
The World Before Your Feet,246164
The Fireflies Are Gone,245006
Duma,243027
Oasis: Supersonic,242867
After We Fell,242670
Black Dynamite,242578
Carter High,240214
A Good Woman,238609
Argus Limited,238379
American Satan,237708
Tokyo Godfathers2020 Re-release,237571
Alien Intrusion: Unmasking a Deception,237411
The Tempest,237254
Pain and Glory,237000
American Woman,236637
Meeting Gorbachev,236214
Deepsea Challenge,235659
Hamlet2018 Re-release,235229
On the Come Up,234948
Amélie,234889
Blind Eyes Opened,234505
The Foot Fist Way,234286
Little Shop of Horrors2017 Re-release,233865
Superman2018 Re-release,233585
PBC on FOX: Spence vs. Porter,232973
Stevie Nicks 24 Karat Gold the Concert,232740
Play the Flute,231672
Bishôjo senshi Sailor Moon Super S Special,231434
The Bounce Back,231021
Canelo Alvarez vs. Daniel Jacobs,230703
The Comedian,230596
MFKZ,229423
Confetti,229406
Doctor Who Live Q&A And Screening,228615
Jeremiah Tower: The Last Magnificent,228153
A Royal Night Out,228136
InAPPropriate Comedy,228004
Werewolves Within,227192
Blue Ruin,225776
Mustang,225107
Goal II: Living the Dream,225067
Along With the Gods: The Two Worlds,224415
The Black Waters of Echo's Pond,224409
PBC on FOX PPV: Pacquiao vs. Thurman,223858
One Child Nation,223210
Fur: An Imaginary Portrait of Diane Arbus,223203
Being Julia,223000
Lockdown,223000
Never Surrender: A Galaxy Quest Documentary,222971
Inhumans,222785
Miss Hokusai,222670
Spirit of the Game,222565
ABCD (Any Body Can Dance),222098
Flee,221511
America's Heart & Soul,221429
Mazinger Z: INFINITY,220682
Naam Hai Akira,219401
Fragments of Truth,219342
Limbo,218840
Haute Cuisine,217883
Getting Grace,217812
All I See Is You,217644
Starter for 10,216839
The Producers2018 Re-release,216807
The Barbarian Invasions2003 Re-release,216132
Happythankyoumoreplease,216109
The Karate Kid2019 Re-release,215447
The Treasure of the Sierra Madre,215295
Call + Response,215176
Frozen2020 Re-release,215000
First Snow,214864
Hamlet2019 Re-release,214578
Hell Ride,213608
Do Knot Disturb,213525
Thaandavam,213476
Supermensch: The Legend of Shep Gordon,213064
Chocolate City,212662
Big Sonia,212473
The Unknown Known,212182
Together,211620
Morning Light,211404
La soga,210625
Code 46,210143
Ash Is Purest White,209101
Kathy Griffin: A Hell of a Story,208907
The Yes Men,208891
The Guest,208880
Dirty,208234
The Dating Project,208100
SEED: The Untold Story,207825
Bolshoi Ballet: Carmen Suite/Petrushka,207523
Wonder Woman2020 Re-release,207000
The Secrets We Keep,206671
The Silent Twins,206235
Vettai,204373
Touchback,204232
Red State,204230
Kaptaan,203790
10 Years,203373
The Church,203112
Forrest Gump2019 Re-release,203088
Ghanchakkar,203044
Once I Was Engaged,202654
Jinn,202348
The Bolshoi Ballet: Live From Moscow - Coppélia,202217
Dabangg 3,202000
Blink of an Eye,201874
Passionada,201300
Gekijouban Fate/Stay Night: Heaven's Feel - III. Spring Song,200000
Rebel Without a Cause2018 Re-release,199963
Risk,199769
Cave of Forgotten Dreams,199332
Father,199228
Friendsgiving Day #2,198869
National Theater Live: Cyrano de Bergerac2020 Re-release,198352
Lourdes2022 Re-release,197702
The Woodsman,197623
Me and Mrs. Khanna,197183
Have It All -The Movie,197142
Spark: A Space Tail,196458
Escobar: Paradise Lost,195792
The Nutcracker in 3D,195459
The Dry,195049
Fate/Stay Night: Heaven's Feel - I. Presage Flower,193833
Around the Bend,193637
"Faith, Hope & Love",192032
Millennium Actress2019 Re-release,191424
Benedetta,190811
Bolshoi Ballet: Le Corsaire,190192
The Divine Plan,190031
Shrink,189621
Easy Money,189163
Clean,188449
Eros,188392
The Bolshoi Ballet: Live From Moscow - Don Quixote,187946
Stonewall,187674
42nd Street - The Musical,187440
Owaranai hito: Miyazaki Hayao,187320
Maggie,187112
Supernova,185999
National Theatre Live: King Lear,185305
Becoming Cousteau,185168
Cobra Kai Premiere Event feat. The Karate Kid2018 NCM Fathom Event,185082
Sundown,184528
Undertow,184227
Twelve,183920
The Masked Saint,182695
Karwaan,182009
League of Gods,181633
Giant Little Ones,181507
Bolshoi Ballet: Raymondadomestic,181361
Raymonda: Bolshoi Ballet,181361
The Polar Express2016 IMAX Release,180741
Go for It!,180237
Hitman's Wife's Bodyguard,180230
UFC 273: Volkanovski vs the Korean Zombie,180000
Top Gun: Maverick2022 Re-release,180000
Disney Junior HalloVeen Party!,179944
Saint Omer,179124
Populaire,179091
Champion,178169
Batman: Mask of the Phantasm2018 Re-release,178133
Modest Heroes,178027
Tere Naal Love Ho Gaya,177743
Chicago 10,177490
The Warrior Queen of Jhansi,177289
India's Most Wanted,176858
71: Into the Fire,176638
The Bolshoi Ballet: Live From Moscow - The Flames of Paris,175922
Igby Goes Down,175270
The Wolf of Snow Hollow,174356
The Resort,174114
"Cinco de Mayo, La Batalla",173472
Come Away,173322
Batla House,173045
Grand Illusion,172885
The Bad Batch,172705
Puccini: Turandot,172627
Gone in the Night,172088
Bolshoi Ballet: The Golden Age,171916
Copperhead,171740
The Bolshoi Ballet: Live From Moscow - La Sylphide,171177
Apparition Hill,170457
Sleepwalking,170391
The House That Jack BuiltUncensored Version,170113
Trade,170086
Horns,170081
9/11,170000
Tyson's Run,168940
Chance Pe Dance,168643
The Bolshoi Ballet: Live From Moscow - The Lady of the Camellias,167991
Valley of Bones,167902
The Disappearance of Alice Creed,166980
Is Genesis History?2018 Re-release,166763
When You Finish Saving the World,166614
We Steal Secrets,166243
Outlander,166003
Elegy,165647
Bright Ones,165627
Norman,165039
Uncle Nino,165000
Star Trek II: The Wrath of Khan2022 Re-release,164629
A Love Song for Bobby Long,164308
The Last Godfather,164247
Keep on Keepin' On,163745
Louder Than Bombs,163737
After the Ball,161820
INXS: Baby Live at Wembly Stadium,161750
Rita Moreno: Just a Girl Who Decided to Go for It,161662
Pastorela,161194
"Diana Ross: Her Life, Love and Legacy",160968
National Theatre Live: The Curious Incident of the Dog in the Night-Time2018 Re-release,160381
Sinbad: The Fifth Voyage,159862
Benediction,159704
Love's Abiding Joy,159683
Batman2019 Re-release,159419
Them That Follow,159218
Silencio,158723
Hell and Back,157768
Nostalgia for the Light,157179
LUV,156996
Far From the Tree,156042
Southland Tales,156000
3 Generations,155936
Blithe Spirit,155685
Desert Dancer,155271
My Name Is Bruce,154461
Before You Know It,154324
Contempt2008 Re-release,153620
Love Story50th Anniversary,153504
Music Within,153205
The Death & Life of John F. Donovan,152713
"Buttons, A New Musical Film",151983
Peterloo,151971
Born to Be Blue,151926
Anita,151865
Generation Found,151751
Conversations with Other Women,151736
Made In Mexico,151133
Glory2019 Re-release,150801
Kicks,150191
Atlas Shrugged: Who Is John Galt?,150018
Little Woods,150010
Kids in America,150000
Gemini,149799
The Other Man,149530
Ne Zha,149055
The Oscar Nominated Short Films 2018: Live Action,148597
Trial by Fire,148504
Civil Brand,148193
Wolf,147665
A Mouthful of Air,147650
Duck Season2005 Re-release,147551
Night of the Living Dead2018 Re-release,147423
Godzilla2014 Re-release,147270
Washington Heights,146900
Repo! The Genetic Opera,146750
Invisible Life,146535
Touched with Fire,146487
The Last Dalai Lama?,145524
Superspreader,145500
The Last Five Years,145427
Killer Joe,145101
Halston,144963
Mr. Smith Goes to Washington2018 Re-release,144738
Talvar,144713
The Quiet Girl,144692
Irving Berlin's Holiday Inn The Broadway Musical,144550
Last Year at Marienbad,144492
Yellow Day2015 Re-release,144163
Thelma,143998
This Must Be the Place,143979
Thunder Soul,143675
Wendy,143518
Luv Shuv Tey Chicken Khurana,143507
Doctor Who: Logopolis,143248
The Least of These: The Graham Staines Story,142299
Best F(r)iends Volume Two,141524
Canelo vs. Kovalev,140820
Incitement,140306
Archive,139593
Burden,139270
Wilder vs. Ortiz,139207
Typhoon,139059
High School,139034
The Flying Scotsman,139014
Wild Mountain Thyme,138960
Psycho-Pass: The Movie,138366
UFC 281: Adesanya vs. Pereira,138000
The Double,137921
Lynryd Skynyrd: Last of the Street Survivors Farewell Tour,137888
Groundhog Day2021 Re-release,137798
Hampstead,137067
My Uncle Rafael,137045
Yashoda,137000
Red Lips,136163
"Good Day, Ramon",135575
Framing John DeLorean,135118
Alien2020 Re-release,135000
Okko's Inn,134787
Cop Car,134552
The Times of Bill Cunningham,134288
Ism,134165
The Little Mermaid,134115
Made in Abyss: Journey's Dawn,134047
Don't Think I've Forgotten: Cambodia's Lost Rock and Roll,133443
LOC: Kargil,132975
Listen to Me Marlon,132702
Mass,132209
Monty Python's Life of Brian2019 Re-release,132175
Hounddog,131962
Hamari Adhuri Kahani,131263
Peppa Celebrates Chinese New Year,131225
Rudy2018 Re-release,131200
Raja Natwarlal,131105
Tenet,130104
The Bronze,130000
Puccini: Madama Butterfly,129730
Afternoon Delight,129715
Tchaikovsky: Eugene Onegin2018 Re-release,129498
The Boy and the World2015 Re-release,129480
Verdi: Il Trovatore,129393
The Zoya Factor,128831
Paris Can Wait,128729
The Company,128270
Mad God,127932
Sleepless in Seattle2018 Re-release,127281
Woodstock,126562
Free Angela and All Political Prisoners,126405
Awesome; I Fuckin' Shot That!,125996
The Young Karl Marx,125659
AmeriGeddon,125571
Make Your Move,125106
The Salon,125000
Sarah Silverman: Jesus Is Magic,125000
Enlighten Up!,124788
Mary Magdalene2019 Re-release,124741
'85: The Greatest Team in Football History,124573
Knights of Badassdom,123854
"War Eagle, Arkansas",123669
Ailey,123504
A.C.O.D.,123368
Easy Rider2019 Re-release,123276
The Last Mountain,122961
BPM (Beats Per Minute),122704
The Kingmaker,122587
"14 Days, 12 Nights",122530
The Majestic,122507
Earwig and the Witch,122423
Lost and Found in Armenia,122305
Reservation Road,121994
Yu-Gi-Oh!: The Movie - Pyramid of Light2018 Re-release,121688
Z for Zachariah,121461
Were the World Mine,121187
Afflicted,121179
The Storied Life of A.J. Fikry,121000
Till Human Voices Wake Us,120601
Sound City,120514
Citizen K,120411
Lola Montès,120307
Iris,120020
Avant qu'on explose,119894
Eating Animals,119615
Five Seasons: The Gardens of Piet Oudolf,119223
Ammonite,118227
Victor,117755
Haven,117585
George Takei's Allegiance2018 Re-release,117162
A Call to Spy,116686
The Grand,115879
Mob Psycho 100,115766
The Other End of the Line,115592
Kaamelott: First Installment,115000
Jurassic World2021 Re-release,115000
The Tax Collector,115000
Caged No More,114959
Nostalgia,114603
Stateside,114000
Bodied,113956
35 and Ticking,113794
Boy A,113662
Tadap,113633
Bran Nue Dae,113568
"We Love You, Sally Carmichael!",113435
Hymn: Sarah Brightman in Concert,113274
Singin' in the Rain2002 Re-release,113088
The Man Standing Next,112915
Iron Sky,112287
A Chance in the World,112007
Gentlemen Broncos,111996
"Hale County This Morning, This Evening",111885
The Lost Skeleton of Cadavra,111823
Elevator to the Gallows2016 Re-release,111267
The Obama Effect,110904
The Killer,110563
Abominable2021 Re-release,110000
Lu Over the Wall,109857
Darfur Now,109107
Pathology,109045
The Battle at Lake Changjin,108817
After.Life,108595
Wild Target,108589
National Theatre Live: Julius Caesar,107057
Simon and the Oaks,106874
The Audience2019 Re-release,106529
The Romantics,106524
"Belle and Sebastian, Friends for Life2018 Re-release",105890
Under the Sun,105785
Never Heard,105271
The Bolshoi Ballet: Live From Moscow - A Hero of Our Time,104837
Adult Beginners,104808
Deli Man,104769
Hope Gap,104732
Alien Trespass,104526
Carriers,104352
Demon,104038
Penton: The John Penton Story,103876
State Property,103726
Happening,102668
Gamestop: Rise of the Players,101527
Ghost in the Shell: The New Movie,101203
First Cow,101068
"Alice, Darling",101000
Mugamoodi,100809
Wonders of the Sea,100780
Tango Shalom,100739
The Good Guy,100688
Tell No One,100536
All About Nina,100335
The Young and Prodigious T.S. Spivet,100210
The Muppet Christmas Carol2020 Re-release,100000
Meow Wolf: Origin Story,99488
Hatching,98946
Thoda Pyaar Thoda Magic,98661
Wonderland,98276
SAS: Red Notice,98090
National Theatre Live: Macbeth,97857
Tim Timmerman: Hope of America,97727
Gauguin: Voyage to Tahiti,97649
Bloody Sunday,97520
Poster Boys,97049
A Little Help,96868
Godspeed: The Race Across America,96690
Gun Hill Road,96456
Firebird,96087
Proud American,96000
Made in Italy,95888
Escape Fire: The Fight to Rescue American Healthcare,95502
Made in U.S.A,95209
El Angel,94481
Keep Watching,94178
Margaret Atwood: Live in Cinemas,93690
The Investigator,93690
Motherhood,93388
Brand Upon the Brain! A Remembrance in 12 Chapters,93304
Reign of Judges: Title of Liberty - Concept Short,93224
First Lady,93162
I Spit on Your Grave,93051
Celsius 41.11: The Temperature at Which the Brain... Begins to Die,93000
Mary Shelley,92870
Dedication,92853
Don't Think Twice,92835
Cuban Fury2014 Re-release,92384
Miss Juneteenth,92349
He Loves Me... He Loves Me Not,92000
Other People,91441
Hiroshima Mon Amour2014 Re-release,91298
The Imposter,91224
Bergman Island,91005
BANDSTAND: The Broadway Musical on Screen2018 Re-release,91000
The Crossing,90896
Because of Grácia,90878
Small Engine Repair,90849
Beasts of No Nation,90777
The Clan,90767
The Man Who Fell to Earth,90665
Elle,90645
One Chance,90592
My Dear Liar,90545
Dina,90503
Sound! Euphonium the Movie - Our Promise: A Brand New Day,90341
A Brilliant Young Mind,89946
Cat on a Hot Tin Roof,89332
Particle Fever,89254
Father St• Re-release (Father Stu: Reborn),89224
The Nest,89206
Pleasure,88936
Bolshoi Ballet: Swan Lake,88905
Marguerite,88870
Crazy on the Outside,88335
Pete Seeger: The Power of Song,88312
Settai,87838
Ocean Waves,87738
Fire,87659
Goldstone2018 Re-release,87639
Mystery Team,87323
The House That Jack Built,87008
ECCO,86858
Sonchiriya,86765
National Theater Live: Cyrano de Bergerac,86300
Unfavorable Odds,86203
Vidal Sassoon: The Movie,85974
The Tales of Hoffmann,85785
Skid Row Marathon,84997
How to Talk to Girls at Parties,84809
A Lego Brickumentary,84649
Warriors of the Dawn,84532
Watermark,84464
Wasabi,83918
National Theatre Live: Antony & Cleopatra,83672
Scarface2003 Re-release,83549
Claire's Camera,83418
The Midnight Meat Train,83361
Blood Fest,82774
The Woman Who Fell to Earth,82698
The Eagle Huntress,82633
On the Basis of Sex2020 Re-release,82150
Little White Lies,81988
Yuri!!! On Ice,81878
The Other Dream Team,81747
The Souvenir: Part II,81734
Borg vs. McEnroe,81560
Z,81411
Earth: One Amazing Day,81345
Resurrection,81022
Tesla,80995
Summer Wars,80768
Gabby Giffords Won't Back Down,80592
En el séptimo día,79887
Appleseed,79818
Nomad: The Warrior,79123
Persepolis,79047
The B-Side: Elsa Dorfman's Portrait Photography,78978
The Stone Angel,78934
The Boxcar Children - Surprise Island,78676
My Best Friend's Wedding,78578
Levity,78278
Butter,78170
A Breath Away,77987
Shock and Awe,77980
Watch Out Ladies,77906
We Are What We Are,77719
Three... Extremes2005 Re-release,77532
High Strung Free Dance2019 Re-release,77107
Saala Khadoos,76931
Fast Color,76916
Life Partner,76197
Walking with Herb,76047
The Grinch,76000
Spinning Plates,75773
Hitchcock/Truffaut,75691
The Riot Act,75506
An Everlasting Piece,75228
No One Lives,74918
MindReader,74713
Above and Beyond: NASA's Journey to Tomorrow,74711
Batkid Begins: The Wish Heard Around the World,74709
Kochadaiiyaan,74555
Shoot Down,74420
Toni Erdmann,74310
The Last Suit,73548
Abandoned,73438
Running for Grace,73350
Faces Places,73063
5B,72968
Agneepath,72632
A Four Letter Word,72565
Cliffs of Freedom,72476
Loving Jezebel,72190
People I Know,72185
Heaven Knows What,72001
The Ex-File 3: The Return of The Exes,71633
Gray Matters,71561
The Djinn,71457
Before Midnight,71400
RRR2022 Re-release,71386
A Letter to Momo,70836
Father Stu: Reborn2022 Re-release (Father Stu: Reborn),70714
Batman Returns2019 Re-release,70642
The Fog2018 Re-release,70421
Crips and Bloods: Made in America,70221
Mai wei,70177
A Beautiful Planet,70163
The Informer,70041
How to Build a Girl,69592
Until Forever2016 Re-release,69519
Holly,69400
The Territory,69316
The Rescue,69200
Parchi,69033
My Entire High School Sinking Into the Sea,68883
Outside In,68492
Waking Sleeping Beauty,68445
Predestination,68372
Christ Stopped at Eboli,68288
The Silence of Others,67986
Where Hands Touch,67743
Making the Five Heartbeats,67415
Turbo Kid,67069
Free Trip to Egypt2019 Re-release,67006
The Band's Visit,67000
The Dawn Wall,66991
End of the Century,66309
Pray: The Story of Patrick Peyton,65896
Shubh Mangal Savdhan,65173
Racing Dreams,65082
CSNY/Déjà Vu,65025
Remember the Titans2021 Re-release,65000
Chal Mera Putt 2,65000
Sleuth,65000
This Changes Everything,64988
Toys in the Attic2012 Re-release,64918
The World to Come,64573
Even Money,64458
Six Minutes to Midnight,64441
All My Friends Hate Me,64128
The Art of the Steal,64065
Learning to Drive,63901
Sylvia,63856
Heroic Antics,63649
I Do... Until I Don't,63484
People Places Things,63448
Cool It,62713
Throw Down Your Heart,62287
Lantana,62178
New Suit,61961
Winnie Mandela,61847
Dark Star: HR Gigers Welt,61845
In a Valley of Violence,61797
Donald Cried,61740
Deal,61626
Never Goin' Back,61271
The Bodyguard2012 Re-release,61020
The Killing of Two Lovers,60899
The Wicker Man2013 Re-release,60891
Viper Club,60607
Silent Light,60200
Tad the Lost Explorer and the Emerald Tablet,60187
John Fogerty: 50 Year Trip - Live at Red Rocks,59795
Walk of Shame,59209
Digimon Adventure tri. Part 4: Loss,59114
My Brothers' Crossing,58925
The Rider,58720
Tomorrow,58551
The Fallen Idol2016 Re-release,58117
In Search of Greatness,58090
Outfoxed: Rupert Murdoch's War on Journalism,58029
House of Fools,57862
The Godfather Coda: The Death of Michael Corleone2020 Re-release,57843
Vanishing Time: A Boy Who Returned,57759
Lost in Thailand,57387
The Fog of War: Eleven Lessons from the Life of Robert S. McNamara,56983
Summering,56932
The Battle of Algiers2016 Re-release,56683
In the Name of My Daughter,56611
In This Corner of the World,56305
Decibel,56214
Feast,56131
XX/XY,55451
Heavy Water,55446
C.O.G.,55301
Dirty Girl,55125
American Dream: Detroit,55092
The Final Cut,55054
Regression,55039
Clown,55007
Canelo Alvarez vs. Rocky Fielding,54916
Snowmen,54805
Julieta,54365
Digimon Adventure tri. Part 6: Future,54324
A Beautiful Soul,54008
At Middleton,53837
Stevie,53777
Bart Got a Room,53760
Not Forgotten,53744
Summerland,53732
Sing2021 Re-release,53000
The Trip to Spain,52981
Anthropocene: The Human Epoch,52958
Dara of Jasenovac,52779
Plácido Domingo Gala,52502
Lost in Love,52453
Breath Made Visible: Anna Halprin,52387
Digimon Adventure tri. Part 5: Coexistence,52339
"Surfer, Dude",52132
Swimming Upstream2004 Re-release,51930
QT8: The First Eight,51896
The Snowman Trek,51743
Public Speaking,51588
Greener Grass,51456
"Cyrano, My Love",51419
Sympathy for the Devil,51150
Grace Is Gone,50899
December Boys,50715
Casa de los babys,50704
The White Sheik2019 re-release,50512
Drive My Car,50457
American Casino,50442
The Take,50269
The Royal Wedding: Prince Harry and Meghan Markle,50264
Making Waves: The Art of Cinematic Sound,50254
No Man's Land,50198
Royal Kill,50091
Black '47,50026
Mutual Appreciation,49852
Passion,49712
Brighton Rock,49466
Jumanji/Jumanji: Welcome to the Jungle2018 NCM Fathom Event,49381
Andhadhun,49280
The Lovely Month of May,49189
Raging Bull25th Anniversary,49034
The Way I See It,49030
Tales from Earthsea2010 Re-release,48658
Swing Kids,48645
Last Year at Marienbad2019 Re-release,48509
Decoding Annie Parker,48390
Rams,48326
Napping Princess,48198
Free Trip to Egypt,47829
War of the Buttons,47771
Alphaville,47696
350 Days - Legends. Champions. Survivors,47526
Language Lessons,47459
Teo-neol,47413
Diary of a Country Priest,46979
After Yang,46872
All the Real Girls,46774
How Long Will I Love U,46668
Two Weeks,46605
Ca$h,46488
Shanghai2015 Re-release,46425
Bigger,46382
Wish You Were Here2013 Re-release,46347
Under the Silver Lake,46083
Beyond the Reach,45895
Blackbird,45834
The Unknowns,45831
Home of the Brave,45793
Went the Day Well?,45767
Panique,45541
Reaching for the Moon,45502
Film Stars Don't Die in Liverpool,45475
Texas Killing Fields,45469
Lost River,45431
Filmistaan,45406
Return to the Hiding Place,45405
Che: Part One/Che: Part Two,45335
Inland Empire,45000
Solo Brathuke So Better,45000
New Best Friend,44926
Henchmen2020 Re-release,44549
Three Minutes: A Lengthening,44411
Maze2019 Re-release,44381
Ophelia,44291
The Dissident,44000
It's a Wonderful Life2020 Re-release,44000
A Cop,43946
All Roads Lead Home,43884
Just One Drop,43726
Bereavement,43712
Ned Kelly,43704
"Paris, 13th District",43695
Contempt2013 Re-release,43693
A Grin Without A Cat,43618
The Golden Boys,43600
Lupin III: The First,43538
The Star2019 Re-release,43510
Next Goal Wins,43089
Terminator 2: Judgment Day2017 Re-release,43069
Margaret,43058
Immortal Hero,43007
The Graduate45th Anniversary Reunion,42884
A Taxi Driver,42797
Woodshock,42603
Blood Ties,42472
Morris from America,42235
Bad Education,42038
My Happy Ending,41949
Down for Life,41914
Golden Exits,41888
Midnight Family,41880
Chaos Theory,41802
On the Bowery,41802
KitesThe Remix,41783
The Slammin' Salmon,41587
Death Rider in the House of Vampires,41219
Undead,41196
Western,41072
"Léon Morin, Priest2017 Re-release",40850
The Dummy,40801
The Discreet Charm of the Bourgeoisie4K Restoration,40728
Charlie Says,40685
Wild Oats,40598
Planet B-Boy,40565
Mission Stories,40527
The Dhamma Brothers,40489
On the Count of Three,40415
Paan Singh Tomar,40311
Gunda,40001
Shadow in the Cloud,40000
Tanna,39620
Mamma Mia!2018 Re-release,39601
The Homeless Billionaire,39493
Hard Luck Love Song,39429
The Expedition to the End of the World,39116
44 Inch Chest2010 Re-release,39033
Soldiers of Fortune,38898
Birdboy: The Forgotten Children,38785
Puerto Ricans in Paris,38680
Mr. KleinRe-release,38584
Come True,38367
Oh My God,38245
Owning Mahowny,38075
Batman Forever2019 Re-release,38014
Band of Outsiders2016 Re-release,38004
Nureyev: Lifting the Curtain,37911
Vita & Virginia,37695
Millennium Actress,37641
3 Hearts,37576
Big Sur,37466
Savannah,37240
Before We Go,37151
On the Beach at Night Alone,37127
Under the Electric Sky,37116
Heart of Champions,37000
Pavilion of Women,36992
Redemption,36895
Trust Fund,36885
The Death of Dick Long,36856
Bicycle Thieves2008 Re-release,36821
Three Christs,36723
Mind Game,36613
13B: Fear Has a New Address,36594
For Those Who Don't Read Me,36506
Blue Car,36333
The 100 Year-Old Man Who Climbed Out the Window and Disappeared,36174
The Boys,36129
The First Wave,36064
Jiminy Glick in Lalawood,36039
Yardie,36012
Hesher,36000
Until Forever,35839
The Youngest Evangelist,35750
Breathless2010 Re-release,35624
Demonic,35613
Sold,35599
Le Corbeau,35481
A Chiara,35301
Underdogs,35271
Rat Film,35195
Kurt Vonnegut: Unstuck in Time,35149
Memoria,35044
A Christmas Story2020 Re-release,35000
The Seagull,34980
Kind Hearts and Coronets2019 Re-release,34913
This Ain't No Mouse Music,34756
White Snake,34730
Apocalypse Now2022  Re-release,34717
Mr. Right,34694
La Piscine,34468
Phantom Boy,34362
Love Live! Sunshine!! The School Idol Movie: Over The Rainbow,34135
The Wild Pear Tree,34014
Le Jour Se Leve,33972
A Kid Like Jake,33827
The Servant,33810
The Wackness,33778
Undine,33719
The Eternal Daughter,33657
The Winding Stream,33420
Swallow,33419
The Death of Louis XIV,33399
Berlin,33231
Wasted! The Story of Food Waste,33211
Valentino: The Last Emperor,33170
The Crime of Monsieur Lange,33137
Super Dark Times,33109
Mad Love,33090
Meet Monica Velour,33042
Double Lover,32950
True History of the Kelly Gang,32949
Beyond a Reasonable Doubt,32917
Local Color,32789
The Quiet One,32777
Donnie Darko2004 Director's Cut,32736
"Hallelujah: Leonard Cohen, a Journey, a Song",32640
The Loneliest Whale: The Search for 52,32600
The Godfather: Part III2020 Re-release,32538
Garage Days,32500
Rurouni Kenshin Part I: Origins2016 Re-release,32445
Ran2016 Re-release,32400
No Home Movie,32344
Beetle Queen Conquers Tokyo,32308
Living in Emergency,32208
The Sound of Violet,32131
A Difficult Life2023  Re-release,32090
Buñuel in the Labyrinth of the Turtles,31977
Under the Shadow,31900
Paths of the Soul,31747
Desolation Center,31599
Signature Move,31551
Uncovered: The War on Iraq,31481
Wind Chill,31388
Max Winslow and the House of Secrets,31252
Ted K,31209
Super Capers: The Origins of Ed and the Missing Bullion,30955
Kalakalappu,30949
The Trial2022 Re-release,30839
The Apu TrilogyTriple Bill,30793
The Love Punch,30722
The Son of No One,30680
The Bay,30668
Growing Up Smith,30585
Le Trou,30532
After Parkland,30444
De Palma,30355
The First Saturday in May,30295
Juvenile Delinquents,30292
No Greater Love,30247
Madame Bovary,30244
Lionel Richie at Glastonbury,30123
Muran,30116
Mr. X,30097
Teza,30074
Parallel Mothers,29987
The Boom,29898
Saint Misbehavin': The Wavy Gravy Movie,29893
Long Shot: The Kevin Laue Story2013 Re-release,29863
In Pursuit of Silence,29834
A Silent Voice: The Movie,29810
The Alphabet Killer,29784
Yellow Day,29656
Mother of Tears,29654
La Notte,29648
The Perfect Race,29644
The Nowhere Inn,29574
The Dog Wedding,29495
Box Elder,29471
Olympic Dreams,29450
The Visual Bible: The Gospel of John,29410
Redemption Road,29384
The Topp Twins: Untouchable Girls2011 Re-release,29316
"All Light, Everywhere",29311
Love,29301
Loving Vincent,29181
Max and the Junkmen,29174
Don't Tell,29015
Final: The Rapture,28884
Gift,28708
Call of the Wild,28682
Berlin Syndrome,28660
Extraordinary Mission,28649
Batman & Robin2019 Re-release,28597
Restoring Tomorrow,28556
Poly Styrene: I Am a Cliché,28477
Vaxxed: From Cover-Up to Catastrophe,28339
The Passionate Thief,28302
The Wind,28252
Hotel by the River,28134
Bloody Hell,28037
Quai des Orfèvres2018 Re-release,28013
Restored Me,28010
The Amendment,27961
El Norte2019 Re-release,27920
The Vigil,27765
Senso,27705
Last Call,27601
"Léon Morin, Priest",27567
The Loneliest Whale: the Search for 52,27453
Forks Over Knives,27371
Columbus,27270
Tiger Eyes,27160
Blackway,27079
Out in the Dark,26966
Before We Vanish,26699
The Sweeney,26650
Milford Graves Full Mantis,26566
José,26563
"Leaving Home, Coming Home: A Portrait of Robert Frank",26532
The Seasons In Quincy: Four Portraits of John Berger,26456
Dogville,26432
Barely Legal,26300
Donnybrook,26284
My Salinger Year,26006
The Hottie & the Nottie,26000
Water & Power,25809
Remembering Heaven,25742
The Booksellers,25694
Waiting for Forever,25517
Unsubscribe,25488
Gotta Dance,25107
Army of Shadows2015 Re-release,25089
Dopamine,25089
Who You Think I Am,25033
I Am Here,24878
The Day After,24876
An Elephant's Journey,24844
Level Five,24774
Big Game,24752
The Departure,24662
Anything But Love,24641
Kal Kissne Dekha,24625
Immigration Tango,24554
Lawless Heart,24472
The King and the Mockingbird2014 Re-release,24430
Coyote County Loser,24375
Old Henry,24187
Rent-A-Pal,24148
The Big Gay Musical,24144
Heart of Africa,24139
Death House,23833
Diva2022 Re-release,23802
Sex and Death 101,23624
Harmony,23248
Premature,23071
Le Petit Soldat,23035
The Insult,23030
The Recall,22943
The Final Wish,22912
MLK/FBI,22895
Mali Blues,22753
The Station Agent,22751
Happy Tears,22464
Britt-Marie Was Here,22458
The Good Night,22441
The Divine Protector: Master Salt Begins,22321
Radio Dreams,22282
Reparation,22267
All's Faire in Love,22180
Rails & Ties,22136
The Square,22127
The Big Picture2012 Re-release,22126
The Garden of Eden,22083
Answers to Nothing,22029
Loving Pablo,22017
An Elephant Sitting Still,21961
Garden Party,21886
The Girl Without Hands,21787
Heaven,21780
A Fantastic Woman,21724
Blue Jay,21626
Primal Rage: The Legend of Konga,21497
Trophy,21439
"You, the Living",21438
Bigger Than the Sky,21398
Happy End,21309
Term Life,21256
The Painting,21008
The Liberator,20996
The Cordillera of Dreams,20943
Major Dundee,20807
The Monkey King 3,20775
All These Sleepless Nights,20762
Resurrect Dead: The Mystery of the Toynbee Tiles,20726
Pressure Cooker,20616
Shoot the Piano Player,20615
Ice Dragon: Legend of the Blue Daisies,20549
Unplugging,20500
Chimes at Midnight,20480
Swimming with Men,20471
The First Basket,20440
The Blackcoat's Daughter,20435
Manderlay,20296
Song One,20200
Jesus Henry Christ,20183
The New Girlfriend,20078
Beer League,20051
Lost in La Mancha,20000
Prassthanam,19984
The Devil and Father Amorth,19895
Foster Boy,19873
Lumpia with a Vengeance,19780
Brotherhood,19722
The Open Road,19716
Trying to Get Good: The Jazz Odyssey of Jack Sheldon,19712
Girls of the Sun,19712
The Day,19704
Trafficked,19698
The Cremaster Cycle,19445
Skateland,19412
The Red Turtle,19379
Born to Fly: Elizabeth Streb vs. Gravity,19376
Wakefield,19192
Gabo: The Creation of Gabriel Garcia Marquez,19108
Ode To My Father,19099
Austenland,19054
The Challenger,19003
L'important c'est d'aimer,18938
Ktown Cowboys,18863
An Acceptable Loss,18857
Frank and Ava,18829
Cry Macho,18795
Out of Blue,18779
Breathless2021 Re-release,18761
Carrie Pilby,18743
The Exiles,18659
Carnal Knowledge2022 Re-release,18646
Killshot,18643
Two Night Stand,18612
Giuliani Time,18577
Allegiance to Broadway,18527
All the Rage,18489
Between Love & Goodbye,18480
Lovely Molly,18464
Four Bags Full,18297
Twice Born,18295
Linoleum,18259
Tosca's Kiss,18244
Torn,18202
See for Me,18178
The Lion in Winter2016 Re-release,18177
The Violent Heart,18100
Dare,18087
Total Recall2012 Re-release,18081
Wildflower,18062
On Tour with Pina Bausch,18016
Settlers,17715
The New Twenty,17625
The People I've Slept With,17611
A Writer's Odyssey,17563
Spellbound,17508
Trash,17484
5 Days of War,17479
Nikamma,17476
Strangerland,17472
Bitch Slap,17365
Mystery of the Kingdom of God,17316
Marooned in Iraq,17251
Duckweed,17240
Little Fish,17211
Accident2014 Re-release,17160
My Life Without Me,17120
Tharlo,17091
Port of Shadows,17037
Sacred,16980
Mia and the Migoo2010 Re-release,16975
The Gospel According to André,16969
Bra Boys,16969
Swim Team,16783
Eva2015 Re-release,16738
The Conversation2022 Re-release,16720
No Intenso Agora,16637
Grandmaster,16629
The Freedom to Marry,16613
Never Rarely Sometimes Always,16565
Love and a Bullet,16514
The Rabbi's Cat,16412
Ode to Joy,16308
Three Peaks,16216
All the Queen's Horses,16172
Tennessee,16100
Fascination,16066
Long Shot: The Kevin Laue Story,16011
Piercing,15856
Marlina the Murderer in Four Acts,15788
The Runner,15736
Be Natural: The Untold Story of Alice Guy-Blaché,15729
Trinity Seven The Movie 2: Heavens Library & Crimson Lord,15712
Out on Stage,15623
Holler,15611
Bob le Flambeur,15586
When You Read This Letter,15552
2nd Chance,15160
Funan,15152
Chasing Einstein,15128
The Education of Charlie Banks,15078
Barefoot,15071
Love Thy Nature,14982
Hannari: Geisha Modern,14974
Zombeavers,14947
Trust Machine: The Story of Blockchain,14905
"Love, Rosie",14873
Our Ladies,14867
Jayne Mansfield's Car,14836
The Innocents,14802
"My Donkey, My Lover & I",14792
John and the Hole,14742
30 Beats,14693
Crown Heights,14609
Silent Night,14567
A Prayer Before Dawn,14453
The Great Flood,14431
Americons,14404
Eden,14342
Daddy Cool: Join the Fun,14319
Mainstream,14319
It Always Rains on Sunday,14276
Crime + Punishment,14266
How It Ends,14232
Saheb Biwi Aur Gangster,14231
Falling for Figaro,14230
Active Measures,14206
Monday,14190
The Wasted Times,14176
Django,14166
Sputnik,14157
"I Was at Home, But...",14026
Abracadabra,13975
Screwball,13967
Manic,13893
Sympathy for Delicious,13826
13 Sins,13809
Stavisky...,13793
Itty Bitty Titty Committee,13785
The Pretty One,13769
Secret Agent Dingledorf and His Trusty Dog Splat,13760
The Conversation2021 Re-release,13745
Bring Your Own Brigade,13736
Don McKay,13722
Who the #$&% Is Jackson Pollock?,13710
This One's for the Ladies,13688
Down and Out with the Dolls,13681
Embattled,13661
Back to the Drive-in,13544
Charged: The Eduardo Garcia Story,13484
Almost Holy,13480
The Duelist,13450
El Crimen Perfecto (The Perfect Crime),13388
Here and Now,13337
Violet Tendencies,13304
Chuck,13274
Good Mourning,13258
Sol LeWitt,13146
To the End,13135
Under the Boardwalk: The Monopoly Story,13080
The Program,13074
1982,13069
Rapid Response,13064
The Beta Test,12993
"Intent to Destroy: Death, Denial & Depiction2017 Re-release",12984
Junction 48,12795
Mrs. Harris Goes to Paris,12785
Christmas at Maxwell's,12782
The Monster,12544
Blind,12522
10.000 Km,12423
Beautiful Darling,12406
Head Full of Honey,12350
Wa-shoku Dream: Beyond Sushi,12240
Shahid,12153
Maquia: When the Promised Flower Blooms,12142
4 Days in France,12127
My Journey Through French Cinema,12047
James White,12007
Moffie,11950
Dreams Rewired,11852
Chelsea on the Rocks,11799
The Dry Land,11777
Falcon Rising,11774
Summer '03,11746
Gook,11732
White Wedding2010 Re-release,11710
Gayby,11558
Lansky,11510
You're Not You,11486
The Great Invisible,11428
Hockeyland,11420
Viceroy's House,11420
Rendezvous in July,11321
The Devil's Violinist,11294
Bullitt County,11257
Catch the Fair One,11207
Wedding Party 2,11140
Ferrante Fever,11137
Twiceborn,11132
The Lumber Baron,11121
Suburban Birds,10997
16 Bars,10985
Tales of the Night,10975
In the Fade,10974
Just Before I Go,10970
Sarah Palin: You Betcha!,10935
Trace Amounts,10911
Midnight Diner,10861
The Players,10854
What Happened Last Night,10844
Wo zhi nv ren xin,10829
Special Forces,10759
Jane,10675
Frankie & Alice,10670
Tickled,10648
Forbidden Games,10566
Rogue,10452
Shithouse,10450
The Dust Factory,10426
The Cherry Bushido,10405
Around India with a Movie Camera,10389
Cow,10350
Nothing to Lose,10319
Battle for Haditha,10308
Amelia 2.0,10233
The Endless Summer,10233
Approaching the Unknown,10232
"Now, Forager",10194
Detective K: Secret of the Living Dead,10140
Husbands in Goa,10135
Moka,10094
Spices of Liberty,10066
Foosballers,9966
Made in France,9956
Inch'Allah,9840
Dating & New York,9781
Huda's Salon,9767
Cook County,9727
iMordecai,9719
Lost in Paris,9706
Centigrade,9705
Antoine and Antoinette,9704
Le Cercle Rouge2021 Re-release,9636
Dot the I,9581
On the Other Side of the Tracks,9572
The Novice,9544
Here and There,9402
Even in Dreams,9400
Miss Kiet's Children2017 Re-release,9385
Radio Free Albemuth,9365
The City Dark,9269
The Night,9236
Jaane Tu... Ya Jaane Na,9157
In Front of Your Face,9150
The Handmaiden,9130
Wonder Woman 1984,9118
El Mar La Mar,9065
Painted Woman,9047
Walt & El Grupo,9047
Bricked,9045
The Laws of the Universe: The Age of Elohim,9017
Step Up: High Water,9005
Money Fight,9004
Xi yang tian shi,9000
Seoul Searching,8966
Blood Feast,8958
Beba,8943
Summer of '67,8941
Things to Come,8939
Arjun: The Warrior Prince,8927
The Thousand Faces of Dunjia,8901
We Broke Up,8890
Northern Soul,8886
Maurice2017 Re-release,8877
The Year of the Everlasting Storm,8850
Home Run Showdown,8824
Ran2010 Re-release,8801
Loving Highsmith,8800
The Great Silence,8755
Providence,8664
A Boy. A Girl. A Dream.,8626
General Education,8601
Lucky,8564
The Quitter,8512
Letters to Elena,8511
"Live Fast, Die Young",8494
The Institute,8445
Hello Herman,8437
Au Hasard Balthazar,8436
Love is in the Air2013 Re-release,8425
Gringo Trails,8349
Colossal Youth,8331
Natasha,8325
The Dead Center,8320
Grace,8297
Served Like a Girl,8290
The Man in the White Suit,8265
The Girl in the Book,8245
In Between,8220
The Etruscan Smile2019 release,8213
The Clovehitch Killer,8208
Draupadi Unleashed,8111
Pawn Shop Chronicles,8088
Grass,8084
Far from Vietnam,8054
California Typewriter,8050
Pet,8004
One Small Hitch2015 Re-release,7965
Loveless,7962
This Magnificent Cake!,7888
Nothing Left to Fear,7886
Gladiators of Rome,7869
Overdrive,7793
Come Back to Me,7744
Some Like It Hot,7738
I Don't Belong Anywhere: The Cinema of Chantal Akerman,7703
Who Took Johnny,7666
After Midnight,7634
Masked and Anonymous,7579
The Wrong Light,7553
Girls Against Boys,7529
Chosen,7515
But Deliver Us from Evil,7504
Small Change,7487
Resistance,7464
Udaan,7461
Marjorie Prime,7454
A Bag of Marbles,7420
Dysfunctional Friends,7409
The Lodgers,7362
Ghost Team One,7345
My Imaginary Country,7329
Eden Lake,7321
Tony Manero,7307
A Resurrection,7300
Gangster's Paradise: Jerusalema2010 Re-release,7294
We Need to Do Something,7265
Just a Kiss,7239
I Am Ali,7205
My Son2019 Re-release,7202
Brotherhood of the Wolf2023 Re-release,7099
Laleh Drive,7030
The Woman in the Fifth,7026
The Cat Rescuers,7002
Nine Days,7000
What We Found,6976
Juniper,6949
Final Frequency,6923
She Will,6922
About Fate,6921
Assaulted: Civil Rights Under Fire,6905
Dying to Know: Ram Dass & Timothy Leary,6899
Duck Butter,6877
The Sisterhood of Night,6870
Woman Walks Ahead,6863
Rumble: The Indians Who Rocked The World,6856
Vito Bonafacci,6829
Always at The Carlyle,6726
Kettle of Fish,6725
La Piscine2021 Re-release,6684
Made in Cleveland,6676
The Persian Connection,6634
Brief Reunion,6601
Aatsinki: The Story of Arctic Cowboys,6601
Human Capital,6596
Judas and the Black Messiah,6587
Down the Shore,6558
Elizabeth Blue,6542
Les Cowboys,6502
Barbarians,6488
The Suicide Theory,6434
Nights of Cabiria2021 Re-release,6429
Ghost Team,6401
The Charnel House,6332
Children's Party,6330
Code Black,6319
The Last Rampage,6294
Under the Eiffel Tower,6291
City of Women,6272
Tonight You're Mine,6255
Saving Brinton,6236
One Last Thing,6232
In the Steps of Trisha Brown,6230
A Tuba to Cuba,6217
Too Late to Die Young,6196
"El Sicario, Room 164",6123
Ingrid Bergman: In Her Own Words,6122
Rangrezz,6108
Paulette2015 Re-release,6077
Summer 1993,6072
Bronco Bullfrog2022 Re-release,6071
The Miners' Hymns,6051
The Playroom,5964
The Little Things,5936
The Strange Little Cat,5885
Shem,5880
The Work,5853
Bourek,5844
Dark State,5824
Virginia,5813
13 Fanboy,5796
Undrafted,5777
Venus,5763
Who We Are: A Chronicle of Racism in America,5753
The Devil's Hand,5746
Revenge,5741
CatVideoFest 2021,5738
The Janky Promoters,5702
Death Defying Acts,5665
This Isn't Funny,5654
No culpes al karma de lo que te pasa por gilipollas,5614
Gaia,5612
Citizen Jane: Battle for the City,5592
The Ballad of Lefty Brown,5559
Gabrielle,5534
Are We Not Cats,5518
Icaros: A Vision,5510
Human Nature,5487
Quattro Noza,5471
Endless Rain,5424
Rite of the Shaman,5362
The Trip to Greece,5362
Loro,5317
Fireheart,5316
The Deer King,5291
Speed-Dating,5240
The Adventurers,5191
"Vendetta: No Conscience, No Mercy",5161
Flash Point,5151
The Other Side of Hope,5135
Dhoondte Reh Jaoge,5127
Return to Nuke 'Em High Volume 1,5122
The Little Traitor,5115
The Wonderland,5082
Tanner Hall,5073
Gypsy 83,5054
The Leisure Seeker,5037
Celebration,5034
Chulas Fronteras,5021
The Texture of Falling,5010
Social Animals,5007
A Man Vanishes2012 Re-release,4983
"Tomorrow, When the War Began",4936
Malek,4898
Magician: The Astonishing Life and Work of Orson Welles,4880
Revelation Road 2: The Sea of Glass and Fire,4871
The Other Lamb,4825
Status Update,4764
The Adventurer: The Curse of the Midas Box,4756
The Guardians,4723
The Big Bad Fox and Other Tales,4720
Slaughterhouse Rulez,4665
El Topo,4648
Hôtel Normandy,4640
"Polina, danser sa vie",4640
Ashby,4631
Rodin2017 Re-release,4626
Miss Stevens,4611
Compartment Number 6,4595
The Plagiarists,4577
Search Party2016 Re-release,4571
All Is Bright,4556
A Boy Called Po,4550
I'm Leaving Now,4488
Happy Bhaag Jayegi2016 Re-release,4459
The Congressman,4449
The Peacemaker,4400
The Connection,4391
Tantura,4386
The Emperor's New Clothes,4384
Land of Mine,4376
From the East,4371
The Meaning of Hitler,4365
Buried: The 1982 Alpine Meadows Avalanche,4351
Enemies of the State,4328
Beta Test,4326
Boom for Real: The Late Teenage Years of Jean-Michel Basquiat,4307
Let the Little Light Shine,4300
State Like Sleep,4282
Singularity,4176
Badsville,4153
The Party's Just Beginning,4145
Pawn,4141
Chinese Portrait,4140
Three Night Stand,4076
Dalida,4042
The Marc Pease Experience,4033
Morning,4029
Approved for Adoption2013 Re-release,4015
Flux Gourmet,3986
Armed,3948
Standing Tall,3934
Cynthia,3927
Mother of a Day,3919
Ali & Ava,3875
Going Attractions: The Definitive Story of the Movie Palace,3853
Counter Column,3847
"High Tech, Low Life",3836
Shoah: Four Sisters,3829
Journey to the South Pacific,3807
Babyteeth,3783
Contemporary Color,3782
They Come to America,3775
The Gender Card Flip,3774
Hermia & Helena,3773
Hold Your Fire,3757
The Free Speech Apocalypse,3726
Fulltime Killer,3676
Passion Play,3669
Heat and Dust2017 Re-release,3664
Railroad Tigers,3652
The Word,3648
Only the Animals,3646
The Wandering Soap Opera,3624
The Nile Hilton Incident,3607
White as Snow,3595
The Fencer2016 Re-release,3562
Burning,3549
The Loving Story2016 Re-release,3518
The Roads Not Taken,3518
Starless Dreams,3481
The Stroller Strategy,3462
Aftermath,3451
The Ladykillers2021 Re-release,3449
Mahogany Sunrise,3432
Restored Me2016 Re-release,3428
Kung Fu Yoga,3412
The God Committee,3401
Metal Messiah,3376
Vamps,3361
The Wanderers2016 Re-release,3359
The Feast,3348
The Iron Ministry,3340
"Casanova, Last Love",3321
Grassroots,3313
Bump Kowalski and the Ten Commandments,3312
At First Light,3293
Here After,3284
The Swimming Pool2021 Re-release,3284
A Kind of Loving,3278
The Sea of Trees,3276
Justice,3259
Shooting the Mafia,3251
The Lucky Man,3250
Women Like Us,3231
The Holy Mountain,3225
Blackhats,3216
Another Day of Life,3190
High Times Potluck,3168
Love in Kilnerry,3160
Bauhaus Spirit: 100 Years of Bauhaus,3148
Extreme Job,3107
A Long Way Off,3106
Prey for Rock & Roll,3095
The Beautiful Truth,3024
Who Is Cletis Tout?,2998
Rosie,2942
Kepler's Dream,2923
Relative,2913
Tom of Finland2018 Re-release,2856
Goldbuster,2853
1898: Our Last Men in the Philippines,2848
The Grandmother,2831
Our Little Sister,2822
Zokkomon,2815
Lower Learning,2804
Worlds Apart,2782
The Truth,2777
Truman,2719
The Kindness of Strangers,2705
Vandits,2703
Kindred,2666
Dark Horse,2653
The Servant2022 Re-release,2642
Indigo Children,2621
"One Nation, One King",2605
Last Flight of the Champion,2597
Jake Squared,2592
Take Me,2583
Hayride 2,2571
Cassadaga,2544
Water Gate Bridge,2540
Miles,2537
Joan the Maid 1: The Battles,2532
Almost in Love,2510
Landline,2495
The Last Day of August,2492
The Pact,2488
Maquia: When the Promised Flower Blooms2018 Re-release,2437
L.A. Slasher,2421
The Lure,2419
The Climb,2395
1945,2380
The Swan,2367
Tangerines,2348
The Afterlight,2339
No Ordinary Man,2334
Wastelander,2326
Lotus Eaters,2325
Sidemen: Long Road to Glory,2323
Filmworker,2300
Forever,2295
The Full Picture,2264
10x10,2263
Turn It Around: The Story of East Bay Punk,2235
Dough,2234
The Night Watchman,2219
Alone in Berlin,2211
Khachaturian,2210
InSpectres,2207
Scorn,2206
Sweethearts of the Prison Rodeo,2198
Whose Streets?,2184
I'm Not Jesus Mommy,2173
The Swindlers,2162
Novitiate,2153
A Banquet,2151
A Wizard's Tale,2150
Godard Mon Amour,2126
My Friend Dahmer,2096
Respiro,2095
Salvatore: Shoemaker of Dreams,2081
Endgame,2066
Tampopo,2035
Kill Devil Hills,2022
Demonlover,2016
Dreaming Grand Avenue,1996
Les Parents Terribles,1991
Vigilante Diaries,1991
In Search of Fellini,1976
Sikandar,1954
Dawson City: Frozen Time,1951
Defining Hope,1944
The Bay of Silence,1941
The Wrecking Crew!,1939
Try Harder!,1937
Digging Up the Marrow,1925
Relative2023 Re-release,1911
Black Souls,1890
The Commune,1887
Sunshine Superman,1856
A Fish in the Batht눁9 re-release,1826
Noble2014 Re-release,1821
Girls Will Be Girls,1795
Demons,1788
Stalker,1780
Detention of the Dead,1777
The Raft,1768
Guitar Lessons,1750
Justice Is Mind,1740
Auto Shop of Horrors,1735
Lycan,1720
Mr. Pip,1714
The Flower of Evil,1710
Keep the Change,1706
First We Take Brooklyn,1666
Flashbacks of a Fool,1664
Mr. Klein2022 Re-release (4K),1660
Lore,1645
Green Ghost and the Masters of the Stone,1631
Crack House of the Dead,1616
Miss India America,1598
Love at First Fight,1593
They Will Have to Kill Us First: Malian Music In Exile,1592
B'Twixt Now and Sunrise,1589
Tucker: The Man and His Dream2022 Re-release,1574
The Sound of Silence,1553
Where Are You Taking Me?,1492
The Boy Downstairs,1475
The Package,1469
Henchmen,1469
Officer Down,1463
Jockey,1461
Vince Giordano: There's a Future in the Past,1428
The Silence of Mark Rothko,1422
The Endless,1418
A Housekeeper,1392
Beauty and the Beholder,1368
The Desert Bride,1368
L'héritage de la chouette,1354
Haikara-San: Here Comes Miss Modern,1347
Strike,1345
I Am MLK Jr.,1332
Who We Are Now,1320
The Dying of the Light,1306
Daylight,1278
Dolores,1275
Once Upon A Time,1262
Blood Widow,1235
Have a Nice Day,1232
Tehran Taboo,1227
Tom of Finland,1223
Mermaid in Paris,1213
Namiya,1202
Under the Turban,1190
Mosquita y Mari,1186
A Zombie Invasion,1170
Sollers Point,1148
The Immortalists,1145
God's Own Country,1141
I Am Not Your Negro,1130
Mad Tiger,1119
Le Amiche,1117
Personal Shopper,1107
The Student,1106
Marcelino Pan y Vino2012 Re-release,1101
Anything for Alice,1092
The Female Brain,1076
Parallel Policy,1070
From Nowhere,1052
Remnants,1022
"Right Now, Wrong Then",978
The Final Year,971
The Seven Five,970
Strangers Online,968
"Kumiko, The Treasure Hunter",955
Zama,947
The Wailing,944
Demi-soeur,943
They Are We,900
Andrei Rublev2018 Re-release,897
Freak Show,878
Gray Matter,852
Kaili Blues,849
Grace Jones: Bloodlight and Bami,844
The Film Critic,842
The Breadwinner2018 Re-release,834
Clarence,834
Roar,827
In This World,823
Infliction,816
To Die Is Hard,810
I Spit on Your Grave 2,809
Theo Who Lived,794
Legend of the Naga Pearls,787
It Had to Be You,778
Once Upon a Time in the Midlands,749
Leaning Into The Wind,749
Lemon,747
Amityville: The Awakening,742
Shangri-La Suite,729
Manna from Heaven,718
Kate Plays Christine,716
A Girl Like Grace,713
The Loving Story,700
Ballet Blanc,697
The Watermelon Woman,690
Christmas in Wonderland,689
Grand départ,677
The Sacrifice2017 Re-release,676
Diary of a Chambermaid,654
The Chambermaid,650
Beuys,649
The Misandrists,619
Bye Bye Germany,606
Letters From Baghdad,605
The Romans,602
Gett,602
The Vault,600
The Rise and Fall of Miss Thang,581
Mifune: The Last Samurai,581
Crepitus,578
Little Pink House,577
High-Rise,570
Slack Bay,556
My Art,549
La folle histoire de Max et Léon,543
"Je t'aime, je t'aime2014 Re-release",540
Paradise,530
Stations of the Elevated,516
Kung Fu Jungle,512
White God,506
Lovesong,497
"Goodbye, Don Glees!",495
The Cuckoo,492
Luis and the Aliens,486
Love It Was Not,476
Green is Gold,455
The Wild Child,447
Oh Lucy!,446
The Burnt Orange Heresy,440
Porto,434
30 Years of Garbage: The Garbage Pail Kids Story,427
Baking Up Love,406
Bombshell: The Hedy Lamarr Story,405
7 Witches,402
Summer2011 Re-release,392
Raiders!: The Story of the Greatest Fan Film Ever Made,381
Km. 0 - Kilometer Zero,377
An Honest Liar,370
She's Beautiful When She's Angry,359
Saving Banksy,353
Final Portrait,341
Anything,340
Afternoon of a Faun: Tanaquil Le Clercq,330
The Most Unknown,326
The Workshop,325
On War2015 Re-release,324
The Legend of Suriyothai,324
Jet Trash2018 Re-release,317
As It Is in Heaven,311
Cezanne et Moi,308
Cold Water,307
Foxtrot,305
First Signal,300
Serendipity,298
Sunset Song,284
The Other Side of Everything,277
Félicité,265
Time to Die,262
The Other Side of Heaven,260
Gimme Danger,258
In the Life of Music,253
The Teacher,251
Circles,246
The Worst Movie Ever!,240
My Old School,239
Intuitions,233
Veneciafrenia,230
Spiral Farm,212
Evil Intent,205
Animals2015 Re-release,204
A Kind of Murder,202
Manuscripts Don't Burn,197
Harry Benson: Shoot First,180
The Paris Opera,177
Killer Raccoons! 2! Dark Christmas in the Dark!,167
Please Stand By,156
Stoked: The Rise and Fall of Gator,150
Guest Artist,144
Batti Gul Meter Chalu,142
Permanent,141
Till The End Of The World,137
The Witness,132
False Confessions,123
Dear Rider: The Jake Burton Story,122
The Gliksmans,119
The Untamed,114
The Bad Kids,112
Of Mind and Music,107
Among the Believers,106
The Happys,104
Mrs. Hyde,104
They Call us Monsters,103
Opération Portugal,102
"No Date, No Signature",90
The Eyes of My Mother,87
Peter and the Farm,84
New World Order,84
Paranoid Girls,78
Winning Formula,77
Presenting Princess Shaw,75
The Ornithologist,73
Two Men Went to War2018 Re-release,65
Poor Boy,64
A Silent Voice: The Movie5th Anniversary,62
Harry & Snowman,61
Bad Lucky Goat,57
Ridge Runners,54
The Bounty Killer,52
Operation Portugal,47
Our Man in Tehran,45
Locked-in Society,44
The Fiancé,36
The Decent One,32
Husband Material,32
Red Christmas,19
Gerontophilia2015 Re-release,13
